accel_z_mean,accel_z_std,gyro_z_mean,gyro_z_std,pitch_angle_mean,current_mean,max_current,pwm_val,Label
-10.379898921064303,4.529146869218276,22.159834026475224,20.01937426778905,-5.4200044674262235,1.8109501124661138,2.149324595336631,220,Gravel
-9.923238980443118,0.2697976275685303,1.2870647736567555,0.7934964648729429,-8.662466752525466,2.081657121023838,2.5359731268020487,220,Smooth Inclined
-9.364449455494587,5.588280059494809,12.703685321519053,27.999347957667872,-1.5353073305721718,1.659088002413577,1.9765098799565601,220,Rough
-10.480647802292841,3.919959254823672,-2.5916626134967595,24.025234510078388,-2.9282919819728352,1.8080826947970952,2.220352107523546,220,Rough
-9.22230631924618,5.878332524577191,1.488566553318523,16.077075927332974,-1.857079573249049,1.6577883758614211,1.98285504102583,220,Gravel
-9.993051775648686,2.5531287138531007,4.808002211703083,9.105391342818686,-3.707953476292872,1.8778338868883537,2.3321561016836028,220,Grass
-9.146,5.796,2.19,30.731,-3.141,1.723,2.086,220,Gravel
-9.14932114667071,5.695314142630217,3.633973053468269,29.423806688783642,-3.274526676686065,1.7278163199996457,2.1069161120307083,220,Gravel
-9.709039120256918,4.70176523426927,8.850059862990028,20.48325881512549,-2.1081562246968617,1.7350619800798792,2.1477913312022987,220,Rough
-9.966913096777155,2.7468253860039664,4.965868062624793,9.463526169552736,-3.7541987865463176,1.7794118528025262,2.378730548297944,220,Grass
-9.052920572609075,6.130446364389057,1.974681464815382,44.131546647254424,-3.749335005203767,1.7097684460052904,2.0404389278501744,220,Gravel
-9.937159169653459,0.060962717919473206,2.3300236656806734,0.3880006434514808,-8.5542936131054,1.6647492360224898,2.345693652297189,212,Smooth Inclined
-9.982378126198972,3.5552806725099746,-0.4685117254939941,4.0345613719934015,-6.67740027052846,1.4307025148388357,1.6800205936597863,220,Smooth
-10.179331572797775,4.456162514792638,1.2131337263465598,18.306323020465236,-4.15812795032433,1.6599108422030364,1.982117025545631,220,Gravel
-8.379509333997012,6.2644986221152905,3.3440036051418005,26.436266668852628,-4.965241098374747,1.5721711760949246,1.9392315811803802,220,Gravel
-9.069485201744069,5.739943329739761,10.106522219044574,42.856166888142546,-3.8609006549768345,1.7587248412960055,2.0888263047632605,220,Gravel
-9.769372022921077,1.1826864853188421,4.319940970105551,11.57191427818416,-7.824611011469679,1.9925678847804567,2.3446977899555086,220,Grass
-10.01,3.453,5.561,19.392,-6.13,1.748,2.089,220,Grass
-8.469182004767786,6.288623644120657,6.849179580196199,27.217218568933205,-4.948949932331552,1.600382435133608,1.969068701063395,220,Gravel
-9.77560228755654,0.941031575727036,1.8212427394589021,1.1137097719284597,-6.6380413663800875,0.9067454264442187,1.772741116549878,146,Grass
-9.936,3.497,-0.675,4.248,-6.729,1.417,1.676,220,Smooth
-10.048103730537976,4.113164237251297,19.26963568367207,27.878107774508845,-5.076393435734899,1.8375454828577866,2.250642880830603,220,Rough
-9.919387541241084,0.16839497377490792,1.156774631683235,1.345084021192637,-9.06793879374378,1.7751710329745294,2.362399931356137,212,Smooth Inclined
-10.029519069323417,1.7580743247686037,4.281663364851401,14.110658654570777,-6.032645384383503,1.8565882779808007,2.2150778175319528,220,Grass
-9.72781257873049,5.35337698140872,15.285550984033799,21.391755366413896,-3.27295791698441,1.6544793664338677,2.0505220619658098,220,Rough
-10.578396241289267,5.678929820494951,2.723658663260287,22.614316271055667,-6.093261070518007,1.7286372570212516,2.182633382183902,220,Rough
-9.931,0.038,1.523,0.097,-8.352,2.154,2.572,220,Smooth Inclined
-9.388414446488508,4.566395857312022,4.431716114002766,15.637548612149466,-5.76813519190661,1.7293512041016819,2.0619893933361984,220,Gravel
-10.009073317043967,2.538875648456528,4.9345186492331985,8.47554051726684,-3.772474029825106,1.891912542612974,2.2723384975889607,220,Grass
-9.944093802447656,0.2240450177138236,1.9707981873157643,1.0453527933642666,-8.457058529677067,2.0691094136219776,2.580242902690649,220,Smooth Inclined
-10.042,3.422,-0.612,4.584,-7.594,1.428,1.694,220,Smooth
-9.972900298655544,0.01,1.6265264292210362,0.4806782125528837,-6.031978152541326,2.3135603885615854,2.5672582838816234,220,Grass
-9.826585858094141,1.196810292434764,1.6965303685825472,0.7157669661118734,-6.562102943654707,0.903245248772315,1.7208475192212978,146,Smooth
-9.096602129814851,5.717318609419093,-2.830077826625058,30.068191619664155,-2.669091751964272,1.7588654542448405,2.0729290792420447,220,Gravel
-9.720753439024385,4.692856612961027,8.01297337371577,21.64393879733161,-2.571843885141685,1.7592978685373781,2.1067536373666886,220,Rough
-10.042,3.422,-0.612,4.684,-7.794,1.428,1.694,220,Smooth
-9.560012023913522,2.7934792223773997,1.0419849160793904,12.000377400421224,-6.519937407087421,1.6959127387438648,2.1169345134379913,220,Grass
-10.024262175462184,3.447355746412328,-0.5434126632823386,4.768046105250855,-7.49652771984619,1.4409578447780866,1.6820723150940473,220,Smooth
-9.999329086990873,3.3393323465652123,-0.6526440589098281,4.826642661933587,-7.93470745023909,1.4212557906631422,1.6806852383418573,220,Smooth
-9.251642443748281,5.394712788242248,27.029591490010198,38.657345747882054,-2.0806543981428653,1.6336743157705294,2.02575681099411,220,Gravel
-9.791380963498447,1.017060533319135,1.5907661160542497,1.3488115802027865,-6.666201634867848,0.8926902001728634,1.744889539108,146,Smooth
-9.954728767778327,0.2155314801005998,1.4318666320716724,0.14167039244146296,-8.134523142013744,2.1866701393168735,2.563625470902822,220,Smooth Inclined
-10.426729828831153,4.381042312037795,12.278717310023831,21.239171085016167,-5.89884507954585,1.7025564539917137,2.1231409659809697,220,Gravel
-10.068100458408988,3.9718114787457677,17.859461962959884,28.604601869346276,-5.209237687015251,1.8203208040701253,2.2477221437906474,220,Rough
-9.598952244427968,4.896081726514223,6.717875232205118,20.359628646185985,-2.261868417595431,1.739342369292771,2.1083477363990095,220,Rough
-9.944589686563349,3.5634961360666595,-0.6958654295277926,4.633540292154398,-6.691592999555392,1.4580378161508418,1.7531073669431736,220,Smooth
-9.572852415871342,1.2582701993658991,-0.261250644673386,0.01,-8.298917590130308,0.9647237244937086,1.8721716741603132,146,Gravel
-9.951,0.564,3.235,7.186,-5.426,1.651,2.257,212,Grass
-9.795810796120174,4.364724195694588,9.90463437121041,19.007020930652164,-5.247916323014584,1.7079450981814626,2.3546832026787943,220,Smooth Inclined
-9.921593431644265,0.01,2.0222993888337384,1.3675108043709723,-8.67323519755366,1.641004307435115,2.367119477933632,212,Smooth Inclined
-9.434248709546766,3.886974017203889,1.857618581349291,17.947650704524055,-6.11389300527669,1.6416173206539757,2.012792808979196,220,Gravel
-9.963752742857173,0.0747744385909674,0.33971574452576125,2.3173832855681127,-8.281433746860529,2.1475456214893365,2.503373319758994,220,Smooth Inclined
-10.430990859750995,5.667739355657135,0.16321299229764374,23.60692011803601,-5.996113221177496,1.738041967142249,2.1967169667960333,220,Rough
-9.93154569891694,0.1815365410730915,1.8154734138556308,2.95083534173941,-8.91199943306322,1.7150201362948825,2.343215747138781,212,Smooth Inclined
-10.435673788935137,3.0577601009675743,-0.00591184538815584,4.206231836802156,-7.825509546149291,1.4195489548259235,1.6668818048014558,220,Smooth
-9.653883237199203,4.780436282013704,9.48332122975552,20.063423396986654,-2.8209490220991498,1.7455168902454092,2.1025540214968417,220,Rough
-10.439416061765318,4.35672381803078,5.528591357500426,27.883026855925724,-2.825828339191565,1.7319509642788122,2.1251860127329145,220,Gravel
-10.249244138775065,4.820495002896026,3.8073177644433676,29.173719376545876,-2.9913489616979745,1.7558505561160291,2.110476389874306,220,Gravel
-10.033807291683669,3.507732844892816,-0.6586985234905879,4.6856833591919695,-7.777221484181947,1.4255662318184006,1.6786181089797212,220,Smooth
-9.469,5.869,10.895,19.079,-4.777,1.682,2.264,220,Gravel
-10.465600732050957,5.941478202105165,0.20714792664633297,24.238663160581908,-6.2053687427831195,1.7252095857721694,2.174748132820417,220,Rough
-10.065863473464477,4.21603953204102,18.34210978163923,27.950701199234416,-5.154002949074766,1.831832934533068,2.2602070980918474,220,Rough
-9.60885536087239,4.713469554177495,13.745577231260791,21.621154739468313,-4.376129546781147,1.7776751699025028,2.1889658315421676,220,Rough
-9.322939391190264,5.798193260047629,13.559289252956827,27.334001074936804,-1.816378900399678,1.6526195678794566,1.9808938398707958,220,Rough
-10.00321111126149,0.28792753730253096,0.7051152188893578,3.2252330011404378,-6.7631867742711,1.6440578420670948,2.30288437414659,212,Smooth Inclined
-8.827898189721859,6.89154971237337,14.856387730655934,35.549468150066495,-3.124694165528792,1.720523269333052,2.0341651143521595,220,Gravel
-9.947110843140136,0.2781093416636037,2.0341169462373347,0.36089995891736193,-8.352944357903871,2.041563650552387,2.569888451460362,220,Smooth Inclined
-9.940661417715075,0.43868235394442134,2.944415588478016,2.565036598730218,-5.450618911855002,1.622550576109569,2.3238952586284887,212,Grass
-10.520736631640055,5.749704860540004,4.560397677395095,22.98680837752166,-6.572848732825846,1.72794396807311,2.1963001166651903,220,Rough
-10.478577683336091,2.7355485385496694,-0.1315312322417293,4.17160749468183,-7.405707929982686,1.389986753553235,1.6654430604605688,220,Smooth
-10.109196602333844,2.468668027956779,-0.3737718397488134,4.826972724279877,-5.308333006199663,1.5206437350047262,1.841350216469923,220,Smooth
-10.059234098385987,2.2859247989735527,4.951200788826528,10.457378902489934,-4.301531966155685,1.863637998958689,2.15888911358206,220,Grass
-10.043216458847544,1.8761493763390336,4.5478215355034095,9.851809279159335,-4.402718744175982,1.8461772464238986,2.135460133553944,220,Grass
-10.054103323549624,5.455144869777989,4.9723980074896605,17.631967787421544,-1.5158617465592523,1.7558276181081116,2.0928664730200373,220,Rough
-9.985277630120049,2.6334619280562714,4.095038290718633,12.23646201194539,-6.888463997905926,1.7681937493424937,2.1857686625079125,220,Grass
-9.968267491921738,2.640872345623295,5.028637038885003,9.471541019423666,-6.450156469347949,1.8067079140742983,2.143109428630674,220,Grass
-9.79131756947017,3.6668178991084197,-0.33075619370503295,21.048652353264856,-1.2826558179320573,1.8343559065600243,2.193696064781301,220,Rough
-10.016529022286642,0.5463337708227529,0.9510693514715011,2.254414404493428,-6.553030513224207,1.622434778329151,2.3847582169488373,212,Smooth Inclined
-9.926949748124525,3.8045726937733173,-0.4870533774942939,4.709272753824274,-6.9987163267212615,1.3953534212828786,1.7630560217087372,220,Smooth
-9.770780661236,1.0913721951678683,2.341498576912424,1.7390970980450644,-7.633356697165296,0.9392103493835299,1.669802157057029,146,Smooth Inclined
-10.125036745002069,2.6298653958317644,-0.1320955332031549,4.642152692354045,-5.065436088053147,1.5462402761334821,1.8694178185475436,220,Smooth
-10.095490526461468,2.721296084558823,-0.20027183656094122,4.925963729763345,-5.33698579713413,1.512890867188022,1.8596065629201455,220,Smooth
-9.685175945815878,0.8936792095936472,-3.8197297212547734,0.01,-8.575571298954578,0.9225279434951829,1.859927265568062,146,Gravel
-9.869414798668947,5.2718869343665835,-72.76836480612693,46.85290076310518,-7.151995111867186,1.6617903364834778,2.1722961825203937,220,Gravel
-10.214525902014469,4.859017024698804,7.727850442893041,19.004376245157943,-5.337669512546579,1.7417483647889143,2.1114470527527516,220,Gravel
-10.11827299325204,1.3722471000466006,0.6855299754472691,2.3721255665166416,-4.425292920512945,1.367846499243871,1.8568615526049899,212,Smooth
-9.99520444401288,0.43364935584172615,1.3529697372189466,2.326505721701447,-6.926934832624405,1.718573807248246,2.3689664561444572,212,Smooth Inclined
-10.002346531618327,4.186136527920829,17.053641358076938,27.751499716446585,-5.577524746771418,1.8459302167619696,2.234891002672737,220,Rough
-10.265633097010788,3.1482901736877316,5.308408171050876,11.05055955012976,-5.751199678608577,1.7287600630128044,2.033476264603651,220,Grass
-10.050693427825077,1.8270241684065491,4.460254098403512,13.621849273477567,-5.90470336470461,1.7870798005964985,2.1896775130293866,220,Grass
-10.034933811184425,3.3959241162237386,-0.6422620964948589,4.862778350071959,-7.843877919081637,1.4414061857384006,1.690808449031422,220,Smooth
-9.843944380325937,1.297052402303236,1.6378902560162072,1.2017461904806002,-6.509013603567614,0.9717570019350912,1.7451012801639072,146,Smooth
-10.118412403450153,4.101846459117534,19.542058497846735,28.904757699344692,-5.02610395815817,1.8405374822858536,2.2347312881713095,220,Rough
-9.577079454786212,4.715467093967836,13.678459891956303,21.442005353770433,-4.4085039724400845,1.7516048348747606,2.201859177203017,220,Rough
-9.594485464707804,4.73194474078618,13.234159319868391,21.517976777244765,-4.179897198931526,1.7560015658586758,2.169994696133476,220,Rough
-10.511457884682846,4.360609138901904,11.323224062750423,22.10376137595025,-5.2909476431089395,1.7929753488691398,2.1269460234773807,220,Gravel
-9.798598195656627,1.5503318629078944,2.1165018150537263,2.80090295342918,-7.308026696182539,1.0339950722677207,1.7101792002680096,146,Smooth Inclined
-9.951005279808097,0.01,0.9759462659318549,0.6915111596654753,-8.38871877398746,2.2061913505116375,2.5928860520664836,220,Smooth Inclined
-10.03114257307431,3.855117853798373,18.419047397879076,28.04544103606115,-5.2995655215565725,1.842123594274497,2.248032878240392,220,Rough
-9.943259133583954,0.6219469979185971,3.3704612891147643,7.306077941930351,-5.377427479333502,1.6378591455441704,2.2462539019605194,212,Grass
-9.674746511131552,3.650747041593193,-1.8697982797734414,22.08146657194259,-1.213838690380355,1.8176764847666111,2.1698109538294776,220,Rough
-10.500627778769317,4.4335125389453225,12.547078775738573,19.318675931189134,-5.844744624274263,1.725247286907058,2.122964229187768,220,Gravel
-9.798635587130946,4.277416475874816,10.411085655233752,20.141033298115673,-4.895604055955941,1.830923853801571,2.2779479547676056,220,Smooth Inclined
-10.11694058566848,2.411027094995182,-0.14972196409352032,4.991064012629442,-5.2764538758389525,1.5174049658160609,1.855556641456906,220,Smooth
-9.797403363704847,1.117600001180137,3.806855167471815,13.982981301216514,-7.868571700411863,1.9632747520557658,2.3131367676250014,220,Grass
-10.053959552280908,3.6328769580945415,-0.5068097476600055,4.524786506787546,-7.595532030008269,1.444915084129848,1.6840347691566475,220,Smooth
-10.000346859898832,5.501165624619645,7.331808809121618,18.608014113617273,-1.008259399672325,1.727159779471447,2.127775875975841,220,Rough
-9.8127659040232,1.0808491368540387,6.304832694087972,4.0406177323130334,-9.022901347583165,0.928232390636968,1.688022920905643,146,Gravel
-10.270340646818982,3.3297186325489934,5.567348442579743,13.777464123954715,-5.898238004395843,1.7470129327404869,2.0783875451908416,220,Grass
-9.491439953411641,6.229934813791767,6.468063527254618,15.933413797906605,-4.772577694872417,1.6572982973221877,2.227307524072312,220,Gravel
-10.262,3.052,5.506,12.447,-5.883,1.711,2.046,220,Grass
-10.472900853504855,2.97934183429554,-0.01257777107089468,4.427024467254528,-7.638548601772033,1.4327947701523727,1.5526628012523036,220,Smooth
-9.683557898314104,4.698536907556205,8.93756879680643,20.679852545639587,-2.53183192331116,1.741739991222649,2.112825668549771,220,Rough
-10.434,4.571,6.584,30.207,-2.99,1.743,2.105,220,Gravel
-10.063086588958516,1.913019283667442,4.961369139882591,9.139896323337888,-4.631079653988578,1.839406037772838,2.2021112031863312,220,Grass
-9.808,4.229,10.0,19.922,-5.081,1.803,2.29,220,Smooth Inclined
-8.713,7.004,15.879,34.73,-3.081,1.686,2.011,220,Gravel
-10.45563064296254,2.7157834125187996,-0.21930388650911703,4.242403906297753,-7.4402843915231704,1.4283173220435383,1.6791634128328161,220,Smooth
-10.029275948439626,1.4455961793581458,6.991258295894863,8.98865685355607,-6.248015162804432,1.8635990340311681,2.3404943536425638,220,Grass
-9.849965878975064,1.444155528995146,1.781974784415727,0.9797541388569222,-6.565333782324,0.9080006737001458,1.7572726271676737,146,Smooth
-10.122,2.561,-0.121,4.932,-5.39,1.507,1.858,220,Smooth
-9.62785869741609,5.57551815463391,14.351098878469715,21.291290491578398,-3.9180810212563815,1.6666146692179835,2.0830702118172844,220,Rough
-9.99619880727475,3.53551914800055,5.458805701702624,17.52008653042472,-6.219510103072227,1.7924568159561196,2.161219291997287,220,Grass
-9.804064561691437,1.2106728821647263,1.6518262229009588,1.8155354015156568,-7.533375424920487,0.8662548310703383,1.7654344598935003,146,Smooth Inclined
-10.16222142210005,1.4211919975973215,0.6397304191600647,2.353697199125203,-4.826981065067428,1.397450395524044,1.8478041922087516,212,Smooth
-9.848496444709369,1.2374982624092468,5.518728890468658,0.01,-8.649737486684574,0.9070179548544689,1.7180968173952995,146,Gravel
-9.819768065111,1.2518757304948296,2.081033700872143,1.5272797352285368,-6.428403243331178,0.9807708615408589,1.812903203039713,146,Grass
-9.926574237924223,0.01,1.5909586961037174,0.5401370940785558,-9.009327523778785,1.7600814022313163,2.3365475002270335,212,Smooth Inclined
-9.835174332203835,2.7269615856625347,3.174956519769108,15.987501545988309,-7.113511723284315,1.5756345520860258,2.1443385159577555,212,Gravel
-9.861503792922093,4.682084162540775,3.954404735903211,25.70999191756277,-3.992085583560383,1.7765392485181746,2.2024170200870423,220,Gravel
-9.797015741239147,0.867652235888073,4.965271253333233,11.326214824098372,-7.703889214997771,1.949775111164374,2.33551016752782,220,Grass
-9.783634514378742,1.0382878594068263,4.166195858575562,12.668247658389916,-7.951984916738609,1.878714712706769,2.3159340967446904,220,Grass
-10.078297856100582,1.5178251487568635,4.36681186255643,13.84658575476075,-5.884516449834265,1.8425285132632,2.137226228671237,220,Grass
-9.978342052530584,0.3583217613068057,2.6868331208207517,2.929139002546151,-6.420114619102936,2.1377967853024473,2.5210680249625192,220,Grass
-10.266884232089186,3.197873400601628,5.24410927418831,13.626149366706098,-5.780456217794039,1.5977497407251329,2.0426415116361167,220,Grass
-9.722492804662444,3.662683988347512,0.07255333694466204,21.847713436275143,-1.257912537386394,1.8376171725150354,2.177674605942371,220,Rough
-9.958823672094711,2.35265221522515,4.59497825723602,12.310141717020322,-6.482409035763284,1.8271356949853117,2.1721825539631117,220,Grass
-9.449562518807703,5.160268263237584,20.63241651682418,34.1477052470004,-2.261302652338372,1.6090819565967036,2.0141864881127716,220,Gravel
-10.44166427942284,2.7201061357108065,-0.09194696583482402,4.292845086600157,-7.675281102729128,1.3656902227820928,1.6438303803002134,220,Smooth
-9.980960729040605,2.6781712913542974,5.051145260370663,8.06033455015746,-3.6650892681426632,1.826696554170667,2.306949527682112,220,Grass
-10.374709023140078,6.031622895887831,0.7970380804272055,23.13082189589891,-6.011379384914086,1.7236667328873267,2.1852233869189317,220,Rough
-9.967582890806947,0.5439596680342524,3.3539517723061874,6.6298433704746875,-5.499935481467263,1.6820352481274516,2.244550406136763,212,Grass
-10.152007087294837,2.5247608109680955,-0.02434609341026836,4.845220126420657,-5.520143585623128,1.4750140687136348,1.8255089832100526,220,Smooth
-9.92134790120415,0.01,2.7813848080531547,0.10746898841277508,-8.743735336267441,1.5957674261921564,2.410656797025772,212,Smooth Inclined
-10.00467374775531,0.716626034336283,1.0698738289507446,1.0160914034985118,-6.362582363820735,1.6397399940970847,2.304958940236054,212,Smooth Inclined
-9.776443780915013,2.163271329262179,2.9584471733489286,13.499450572811009,-7.168345752011772,1.5371101936987384,2.126646721659165,212,Gravel
-9.853191250569296,1.2735063874231094,4.187489376294714,12.372305789667108,-7.836321418162976,1.930859228332353,2.2640526932803797,220,Grass
-9.637078205056586,2.8090352313452103,1.034309895609553,11.885949462708377,-6.4401965966622,1.769749653802303,2.12520360964772,220,Grass
-9.158425980749278,5.739053999640014,8.066103018445077,15.539014384893282,-2.6801509838955475,1.5750097637548781,1.8616279732872292,220,Gravel
-9.769112495250651,1.3417256762566647,1.2668912429700796,0.8790025721257345,-6.624189350581297,0.894937530766962,1.7360632871421955,146,Grass
-10.07429068669342,4.470957948398592,6.3451535241168555,18.085524239106675,-4.746917500402139,1.566773861267402,1.9767783560832657,220,Gravel
-9.912990835453797,5.333181773330568,-84.97023757389643,45.18099371019805,-7.041816317626468,1.649419408955579,2.129216376800378,220,Gravel
-9.71395780146566,5.755461897702746,13.00993158729295,21.730956983991625,-3.6628389151156684,1.6548984428895503,2.0619394631382804,220,Rough
-10.026358072984078,5.418094274484313,5.777720326911379,18.160317435845652,-0.875250835913145,1.7284601395199153,2.1338238424501275,220,Rough
-9.604615691340475,3.7058903905693104,-3.551361240726434,20.706996701675717,-1.557260423845737,1.8274019150233964,2.2203405768074407,220,Rough
-10.107824702103379,1.1680021349727316,0.746192944522222,2.8992598489675903,-4.631745583782834,1.4072613885577128,1.8521752545078225,212,Smooth
-9.924011691343638,0.08491449641217354,1.1655496211555456,0.7585578844513997,-8.471457482244212,2.023124902716915,2.467056750837635,220,Smooth Inclined
-10.455012308273362,2.866297126833827,-0.19499016325564666,4.287470996567614,-7.639164933430051,1.3442606215163975,1.573046729848176,220,Smooth
-9.812,1.219,1.494,0.787,-6.5,0.928,1.771,146,Grass
-10.454013165990055,2.92155382397106,0.14678890366280758,4.215427634482559,-7.381848172376674,1.3934627351320912,1.645345579875186,220,Smooth
-9.940618746160572,0.01,1.930305158703189,0.01,-8.326907144290507,2.2124521984752943,2.500031446954618,220,Smooth Inclined
-9.707577580084642,4.629593051716241,6.938995671141278,21.769632295489707,-2.402189289044236,1.7380218687512874,2.109149563808056,220,Rough
-10.073559123005682,3.3535702456929455,-0.4708053718563223,4.651162018148006,-7.9435708606859325,1.4558351731477546,1.6848018434029846,220,Smooth
-10.11418463892075,0.9274641355893563,0.7853581797014689,2.8064877206454377,-4.992957297978238,1.365163455159448,1.8545488355904047,212,Smooth
-9.800883212642091,1.3537566714943863,2.051365074335628,2.2020964056123407,-7.979211089995092,1.0123480922638879,1.6828894579610953,146,Smooth Inclined
-9.805150991105139,1.0317822552222076,1.1572242854805548,0.9915532186618754,-6.3118851998141405,0.9390409141117262,1.7499469401571068,146,Grass
-9.925105022688044,0.01,1.7682323284840693,0.01,-8.257326513813382,2.1536985973826934,2.5427713649084818,220,Smooth Inclined
-10.014716077193674,3.5349231843297133,6.033733556495154,20.58754386739041,-6.261087157658718,1.6636173708358781,2.080348231170715,220,Grass
-10.041209559736897,1.3233989448437935,5.847793641611542,10.16920749163365,-6.502696910923976,1.9040454879239461,2.3286802891716545,220,Grass
-10.432529548063467,5.751288226208776,2.34375127834753,23.70962003076638,-6.126126689322271,1.724742912273096,2.2073632379921566,220,Rough
-9.961982491920711,0.01,1.5870785952234001,1.6051888738068891,-5.908963795122823,2.282691019238261,2.5722405161216626,220,Grass
-9.651376168787486,4.680737538881338,6.465876595428432,21.24409114760769,-2.583649537526202,1.7329612930387208,2.1045395078055416,220,Rough
-10.465492350272113,2.8942938572474657,-0.04666788642014619,4.675719938388351,-7.814400696347906,1.4140034523056237,1.523880016854355,220,Smooth
-10.008919557682471,0.01,1.3099315231542548,1.1229886634700614,-5.545381719227372,1.6597240278698495,2.3708487913653133,212,Grass
-10.382233757003817,4.639754140578091,11.781309137605138,19.268285937191294,-5.953682250081174,1.774171372704469,2.1087823677327875,220,Gravel
-9.7562459018001,5.4221243493993505,14.987055180858478,21.804962136314092,-3.5546951837888803,1.6804305735861977,2.0398718991875238,220,Rough
-9.988361641217868,3.2843864936522196,1.0691845053641411,16.128234295241178,-6.122933665356541,1.7560591701120574,2.0949521752311555,220,Grass
-8.97917411406098,5.85123495943387,21.10597331969275,26.636251019656314,-3.4257322167258324,1.6354972689998146,1.9933224674767838,220,Gravel
-9.918369260238942,0.01,1.5825217115253603,1.7804270052276436,-8.400236499506123,2.2860098425934123,2.504053032747897,220,Smooth Inclined
-9.993723249218519,0.03009461026425364,1.4749152513843682,2.2708936607838672,-5.722642996843629,1.6504046726214625,2.383821026654203,212,Grass
-9.985335620417805,0.38974964357098585,0.9955313807945672,5.498425610438716,-6.691526447539355,1.748311251319748,2.349249890862831,212,Smooth Inclined
-9.487085943268957,5.710562374917939,11.175160122014965,20.086672477602647,-5.080007827775048,1.7357460737644999,2.2559692687783617,220,Gravel
-10.014,3.008,0.999,15.716,-6.017,1.752,2.145,220,Grass
-9.209,5.627,9.14,16.143,-2.049,1.641,2.009,220,Gravel
-9.936,3.497,-0.675,4.848,-6.929,1.417,1.776,220,Smooth
-10.577132366451394,3.7146611946288353,-4.151952498849502,24.181886814022857,-2.469606080857234,1.7966385709484671,2.207649701690385,220,Rough
-10.04978062653019,3.5445764456812814,-0.5828118682132756,4.418095789846287,-7.425359860877325,1.4108083103929236,1.7208720862625178,220,Smooth
-9.744488459454136,4.811172545479892,9.015482914974392,20.31357671828132,-1.6456325333284534,1.7518128396903694,2.0959361928539204,220,Rough
-9.955350251671664,0.05294588109181384,1.6708516897560315,0.9137055554869964,-7.9799958448448205,2.2625509138173254,2.578309558075226,220,Smooth Inclined
-9.973152109024946,0.1132036609228135,2.4724071559512657,3.842518290674138,-5.4232635586464335,1.7684074119568711,2.2696666912737506,212,Grass
-9.605736680092221,4.833375278970423,13.574880268689862,21.950239808859088,-4.538647037562223,1.7596722403736618,2.190875936132226,220,Rough
-10.365480204013572,4.265728151278044,16.63825231594247,18.249377004711324,-5.281886582103903,1.7773820588458258,2.127225179586973,220,Gravel
-9.566199550777682,2.823630185938286,0.9829292900259683,11.097347131357273,-6.453695601940531,1.7867965835951811,2.1260981606948013,220,Grass
-10.134774326940187,2.3750191793703466,-0.04280017072971058,4.882842446105642,-5.630370683266038,1.4879702038817844,1.8435961909660479,220,Smooth
-9.71962331760002,3.5508399803478143,-2.1943449566625493,21.414722339640566,-1.0592313533176119,1.832839584311082,2.19849457678967,220,Rough
-9.942198218757408,0.01,2.034140563082684,0.01,-8.23217573659045,2.092175438131911,2.5463029435847346,220,Smooth Inclined
-9.923623896646347,3.5336345288448814,-0.8658634124737008,4.225269825456505,-6.778081409852996,1.4291245239320693,1.6693091285690305,220,Smooth
-10.048376534713292,2.2908295967796177,4.834167810055323,9.912125355602027,-4.720548125556528,1.8974547799423116,2.1461750705544147,220,Grass
-9.670395500672718,0.9742533787908048,1.6684262828458092,0.01,-8.89689777826787,0.9625499528915845,1.8409824218529118,146,Gravel
-9.824853456276816,1.4572382344842525,0.9984560843516079,0.35679023205879357,-6.65122778874747,0.9353545405680096,1.8638666119106944,146,Grass
-10.454150849382433,2.9621651695500324,-0.16565748983109185,4.207192475220312,-7.433946974859816,1.3793113137668602,1.6842147312378042,220,Smooth
-9.961281766743964,5.565218449323528,4.516007235602432,17.534766521416888,-1.4448634659504673,1.7528330055850054,2.1289426171608445,220,Rough
-9.178259500363067,4.948175773425181,19.13226388970503,40.37057127759685,-2.7382431248174703,1.608732374150979,2.057995686198407,220,Gravel
-10.033614389422384,2.3171584891349197,5.070775651388208,10.700452798077578,-4.594281573940673,1.9174084299655343,2.15362368040291,220,Grass
-9.925443564076616,0.030082896430935847,2.0028933760128287,1.7592630704187253,-8.389104271047943,2.0967447960833,2.521191109644552,220,Smooth Inclined
-10.54431278812469,6.068726617790763,-0.5311327984765164,23.06299794156924,-6.083604363205501,1.7363174687996696,2.1809964571504157,220,Rough
-9.708220080967001,1.2578678476086,5.937374576844265,6.061373885180212,-8.532542447971023,0.9226206459196118,1.6683797095099615,146,Gravel
-10.475047906150781,2.6710598187492707,-0.017754733842965706,4.287932571257037,-7.730933798204189,1.377721828043761,1.53566132114232,220,Smooth
-10.08722309452323,1.4808494835274826,0.8271729624086694,2.83012936423967,-4.669690112005618,1.3709334097178325,1.871572079292987,212,Smooth
-10.009379434903028,0.32826974812258264,0.811638977206045,1.747202091456394,-5.824761618784954,1.7064023080691508,2.3747356744324106,212,Grass
-10.260519540260828,2.9151394728651443,5.255273458692487,13.527821123395164,-5.975157050129871,1.774745930815918,2.0856319263192438,220,Grass
-9.864941908892787,1.3725537647459596,1.6286265014018853,1.19840151496558,-6.669432216112836,0.9280005985897389,1.742308993693863,146,Smooth
-9.291611580242321,4.404873893356804,24.830093056589387,23.963662246382235,-2.081539633609429,1.71002969185753,2.1327600668732782,220,Gravel
-9.982617590171712,2.377247322638056,4.714596715892408,8.348598728903271,-3.4800426463672904,1.8635685275770826,2.3277437201115454,220,Grass
-9.683589506917247,4.781800026191094,8.562608616443358,21.35306234115756,-2.277380217546917,1.733426957340149,2.1186312245184133,220,Rough
-9.928,0.042,1.512,0.123,-8.379,2.112,2.515,220,Smooth Inclined
-10.050967774084544,5.5940847571537935,6.921251018139779,18.56816490007234,-0.7756616787976834,1.747026387359355,2.1112346244449203,220,Rough
-9.991619757093883,0.2414321948603278,2.7420918829575363,1.0595280914123169,-6.396116942011089,2.116698001949963,2.4602357939836104,220,Grass
-10.46472559732543,2.7353759502516737,-0.3002642318159647,3.9970045657604953,-7.673111979230362,1.417457111651251,1.5619669966690117,220,Smooth
-9.934844472553761,0.01,1.3850417634895396,0.6410111692690567,-8.584094909459646,2.170282729421574,2.7195626350468576,220,Smooth Inclined
-9.630654950868399,4.784533930527541,11.81131348406713,21.741367200731368,-4.426008473869254,1.7674719966844883,2.1887822074480843,220,Rough
-9.952061703759934,0.2217742005011678,1.7244627185544301,0.9913768660111336,-5.840206491467489,1.73252876492305,2.3658361440461104,212,Grass
-10.522430764129782,4.014146328098001,9.28850741522605,19.867788322310155,-5.232512908334104,1.7146827074161874,2.126632431716415,220,Gravel
-9.393606217089099,5.408416833691686,13.303850220664632,21.769359565118133,-4.841048066091789,1.6623927059388728,2.2441739557030793,220,Gravel
-9.948930768007244,1.112748815335957,-1.6553467526986978,3.991632885516891,-8.336201992032818,0.9646966664201656,1.6726610694596087,146,Gravel
-10.567471386245787,3.8654024667206768,-5.664391994359575,24.267160144172692,-3.0121101657072034,1.8078367904513264,2.2387781209896116,220,Rough
-9.745846284044884,5.606075518954792,12.40788851271104,21.3197560568629,-2.9909836081306804,1.6585852831733743,2.0591983631351263,220,Rough
-10.01046300048759,2.898474156787724,1.5405602850881226,15.420839268837451,-5.947629289740798,1.6618903725420722,2.1508501078894873,220,Grass
-9.98,2.581,4.762,8.695,-3.638,1.825,2.319,220,Grass
-9.816066956663214,4.3733772759302045,10.142726754663597,20.903271245852324,-5.1951178930851984,1.8109158894120885,2.2754502306434503,220,Smooth Inclined
-9.812,1.222,1.589,1.056,-6.545,0.916,1.742,146,Smooth
-10.083562776556585,3.564141665018203,-0.44555672949532354,4.531810519752502,-7.777081868345357,1.4118515015600432,1.6995565163791604,220,Smooth
-9.800761436328314,1.5446666395505084,1.3517647630910823,2.7733739387544505,-7.827958133953461,0.9471336865147846,1.7851392115050766,146,Smooth Inclined
-9.969171155119424,0.6043733101789339,2.6434233551267035,3.1490508303080325,-5.375513734134398,1.699488970558696,2.2392530295683115,212,Grass
-9.96300224918985,3.057166639829819,1.105941495233244,16.04783922681714,-6.215039635661614,1.7131887827857637,2.1111737180165218,220,Grass
-9.638483180308068,3.5821798763566237,-1.7283795003076277,22.78034172212381,-1.8662670171901317,1.8219916671825762,2.2246961555949847,220,Rough
-10.026923672376064,1.5646591409982118,6.744060222717799,9.499366213501382,-6.266435058252856,1.878626022224995,2.298023352703415,220,Grass
-9.956413442274117,5.4966363351093035,4.742603220588691,18.686321328845338,-1.2686868615974491,1.7386218738760986,2.117475053841238,220,Rough
-10.070144633785823,1.9533211093356293,4.408483523874271,13.185803123583515,-6.109422736932963,1.8437570328615422,2.208792007703493,220,Grass
-9.950482958872461,0.21333005050242582,2.6105193435666147,2.6697984519453284,-5.48253955275439,1.7255318271543292,2.2608607947943433,212,Grass
-9.792146614248463,1.3272028832076306,-1.5107238969150596,1.2811306005531544,-8.56821385267794,0.9050708795880643,1.880450322750157,146,Gravel
-9.891334541454285,2.853571203374139,5.222488011911489,9.310233263984026,-6.391655799434784,1.8374285572690676,2.103438856941776,220,Grass
-9.149569757604585,6.988271351131528,5.3615863229527205,42.308755610107085,-4.079723832332702,1.6804774693969426,2.0825194888483307,220,Gravel
-10.148782488292088,2.3533658026723216,-0.08497290830113396,5.2255557019465195,-5.743158429052452,1.4863781111309589,1.8570208339767584,220,Smooth
-10.058098485113561,2.052001761750251,4.276657167788105,9.518693909996895,-4.610272586148687,1.7986306427444723,2.195893790122553,220,Grass
-9.812508499221154,4.066310082773341,9.75733593070322,19.314934971787896,-5.122594650158266,1.8788509584511672,2.2334839235016344,220,Smooth Inclined
-8.960184090255973,5.810035463628468,21.011532358780077,27.864405022573393,-4.172474294876879,1.7168807957844394,1.998866893408832,220,Gravel
-9.484728048818113,4.5528924660831676,11.829452461313721,18.08353310526788,-6.033270810120408,1.7131605369362337,2.0186243167412576,220,Gravel
-10.127915557413187,1.3018269993294753,0.8655127470391839,2.8160623676374485,-4.982440001905568,1.3683101255031473,1.852722739901515,212,Smooth
-9.810198067971466,4.461893389666613,9.828161435689793,19.60587582810217,-5.159263758842984,1.745683032298129,2.348611655266365,220,Smooth Inclined
-9.999479305853368,0.39331256712060314,1.6819204998356114,2.989728455975953,-7.131888779421739,1.7265085509124778,2.35444220834839,212,Smooth Inclined
-9.708599969468246,3.567635469091795,-3.4226441502090923,21.878560575843355,-1.514292177904018,1.823029093585758,2.178648141368132,220,Rough
-9.055664311449597,6.331134044629286,8.419389728228916,46.36615828684661,-3.384422465844647,1.6229005640017282,2.025961105837133,220,Gravel
-8.887415531865955,5.744742986223889,17.247150357202855,25.710528756723377,-4.117329853689203,1.699719860578371,2.0084487814433776,220,Gravel
-9.975356411508834,2.5717325879890076,4.084506849010724,9.255909896200274,-6.9941471540261535,1.8651486728494933,2.2165306397218134,220,Grass
-9.383482522228075,5.526588912746898,24.393293858328708,35.962505393895555,-2.8426053885988765,1.597668930001434,2.0096799134279855,220,Gravel
-8.945,5.618,23.007,26.15,-3.832,1.66,1.975,220,Gravel
-10.035903108070812,2.9475461699151593,-0.26975711786364576,4.945434688711482,-5.476635904064888,1.5241776311105824,1.8358649222898196,220,Smooth
-9.687,4.748,7.688,21.013,-2.32,1.738,2.103,220,Rough
-10.522266954980546,4.337243210298654,7.814291975415122,29.74896380345498,-2.7419631460650646,1.7575848461394112,2.1002307611342648,220,Gravel
-9.912026168264083,0.3573916965074356,1.989440953767871,0.01,-8.996255314923383,1.6397483732110825,2.386809487355329,212,Smooth Inclined
-9.913691172788193,0.01,1.769818993511205,1.8439476042700131,-8.568965540551936,2.1642168811863156,2.654957027491147,220,Smooth Inclined
-9.999320853792847,0.48807479340832216,1.090709143207787,5.346857600892344,-6.904129649732416,1.5543328576245456,2.2745461827554485,212,Smooth Inclined
-9.78,5.145,-78.544,47.325,-7.272,1.639,2.143,220,Gravel
-9.915060433041619,1.1766288585913303,1.113521806011388,1.6757618258602713,-6.3392421238848184,0.8518033820954461,1.8907178559855238,146,Grass
-9.93472763446269,0.3469311120137638,1.3700344330979777,0.42578622111625786,-8.12596096532413,2.2725595316672806,2.621579828042023,220,Smooth Inclined
-9.237667085639776,4.755704532740705,23.014945603688936,25.81534682141146,-1.541016446530624,1.7264160421854937,2.1039175969965167,220,Gravel
-9.118148686221218,5.4213360656193,3.503951564662846,31.86599032227376,-3.3994734623270095,1.7499915376405502,2.0926297668585767,220,Gravel
-9.934429775113932,3.3370840607038534,-0.7039561852622578,4.697730663643034,-7.139786632088861,1.4262528043896159,1.780376902836987,220,Smooth
-9.65099421067455,4.557909400238493,8.640952866790016,20.774945536240626,-2.3977494212746406,1.736896667574085,2.0857104528627173,220,Rough
-9.93856492263871,0.41935217010778275,0.9042738373533603,0.01,-8.185116275167735,2.10034256932812,2.5554994468317456,220,Smooth Inclined
-9.203378958396906,6.525582462436884,6.495093515786938,43.639622394136026,-4.055291937435153,1.6780646662983756,2.0434725796987787,220,Gravel
-10.53925671997802,3.684313751407971,-4.265018227579075,23.49463554697111,-2.476896526385106,1.7890311605684706,2.203985475365892,220,Rough
-9.259414427845389,5.663575169971038,7.53839923665983,13.02403428471549,-1.4725209053266057,1.671392215701323,1.9923304211573993,220,Gravel
-9.318961757142233,5.910196482624424,14.346144665030005,27.414454170231465,-1.9179794385614415,1.637761180911555,1.9791073309035792,220,Rough
-9.833723645562161,1.3216163940355306,1.5386217956771358,0.4478942229956339,-5.56097000893287,0.9098824029883088,1.7563026660973617,146,Grass
-10.102575241552955,1.247028383110945,0.9749954463723427,2.9200162475485754,-5.030171849307635,1.4099347459667309,1.874500497902433,212,Smooth
-9.955,0.244,2.689,2.443,-5.551,1.684,2.279,212,Grass
-10.165902638991412,4.217674967866012,4.812303966843699,18.46260550135516,-4.528861495587999,1.6031026094680823,1.9776686995678667,220,Gravel
-10.424195116649527,5.894632856333058,1.009547061472058,23.58636859082626,-6.5205603278804585,1.736311753884836,2.1661850840828762,220,Rough
-9.816480115219468,1.5298987362978806,1.3859507619102414,1.4109093416684273,-8.006156612190155,0.9182538724828521,1.791898110492195,146,Smooth Inclined
-10.563834353250536,5.951747708032304,3.6803724471077253,24.269108735456264,-6.28855220763806,1.7333253627128518,2.209753493617364,220,Rough
-9.976,0.202,2.745,2.361,-6.495,2.107,2.525,220,Grass
-10.071563106776408,2.6287516351151043,-0.13675373143521213,5.1694232398407305,-5.255910126391878,1.5453737378657642,1.8699069350808322,220,Smooth
-9.912894819157838,0.08828788882288302,1.1701236283409207,0.01,-8.088611498666573,2.1272334375918667,2.600411707753304,220,Smooth Inclined
-9.9331467532345,0.02232857125435936,2.1621647654228675,0.503194204106128,-8.131859020551625,2.1162156638813876,2.5328594718206228,220,Smooth Inclined
-9.758936643825503,4.711021654080788,7.221516637243026,20.707892754348318,-2.296436138064167,1.7420464711529942,2.1076315051636616,220,Rough
-9.425118049475886,5.910293791413669,14.987782338869534,18.798390763477066,-5.087049937883742,1.6754540121650698,2.2603909070734,220,Gravel
-9.722563701663423,3.6550296197208936,0.0384912596405762,22.39621663121309,-1.2199100857540646,1.8403398612292035,2.195166456423713,220,Rough
-9.97173551860074,0.01,2.8964492533211006,2.384923988753661,-6.709231291870982,2.003618222496251,2.5524579664401172,220,Grass
-10.01227742415656,1.8830702264364254,4.919262734069956,12.818345206895794,-5.858961943479714,1.7407637189618275,2.184571092870533,220,Grass
-10.44225196838269,2.723231492793905,0.08603356673685167,4.054432424870181,-7.699215356851593,1.396323466655624,1.5289502179553667,220,Smooth
-9.318112159081066,5.520856184779253,22.88692521693458,37.41117160740368,-2.807362529185812,1.5973558733496784,2.0385533132470197,220,Gravel
-10.019347224881432,1.8892640601808723,6.756670227146051,7.290014629264017,-6.659762846649793,1.9379941864733317,2.3611330940557362,220,Grass
-10.45947041697157,2.7895714739998327,-0.06680883721927666,4.358229456292624,-7.513587177820334,1.414545205135944,1.6485906386385858,220,Smooth
-9.924574946628677,0.16392472176707976,1.6346187423833534,1.5317356777496853,-8.354688930167061,2.1370174831975417,2.547514248620671,220,Smooth Inclined
-10.059387334908328,2.0645868637060274,4.827010143665121,9.930394499909685,-4.77658751967162,1.8362897147763397,2.193348044898241,220,Grass
-10.025,1.656,6.48,9.13,-6.481,1.932,2.323,220,Grass
-10.085545183364806,1.5012697962382322,0.7022604655943407,2.7462084242592333,-4.716740710872266,1.400552079953138,1.8673477093965227,212,Smooth
-9.901013345178914,3.3777371449994957,-0.7053790983166618,4.174474500616925,-6.7465015634791845,1.3783038059179749,1.6957642700973479,220,Smooth
-10.540548660414602,5.705270313751617,2.3368429191142552,22.601065131177236,-6.559924274614563,1.7215179368809606,2.1716843253086453,220,Rough
-9.7908739290007,4.244162147788416,9.565156881971953,20.633839558753127,-4.975092772634625,1.7067870080264254,2.303039642037819,220,Smooth Inclined
-10.400900691913014,5.692741787718873,4.644939246954618,22.622957419299727,-6.393567196272869,1.735401933654212,2.1981831722807317,220,Rough
-10.046135968582812,4.291043017744109,18.43411459639163,28.262682032374386,-4.739832509978437,1.8284155952357493,2.269499697611747,220,Rough
-10.138027064153173,2.5991456760857,-0.003682765172542485,4.826387720905996,-5.155771456941339,1.5317513481884768,1.8315460142893591,220,Smooth
-8.362,6.667,7.181,25.016,-4.641,1.636,1.957,220,Gravel
-9.704493977363557,4.981806716714716,13.74949678465644,22.047301171674697,-4.021838148213463,1.7506556630044732,2.2042671911755765,220,Rough
-10.096582716157792,2.394865109074668,-0.11067720028314781,4.7326549311608845,-5.60081095431069,1.4933193949934114,1.8396918873219734,220,Smooth
-9.950680728369717,0.013132237650597275,1.1724034928982432,0.862624630080683,-8.108130935702407,2.086510736561428,2.581192710568608,220,Smooth Inclined
-9.925785172577154,0.01,1.3335147136968777,0.1063133768201188,-8.467299909647064,2.110417069581806,2.585014718129031,220,Smooth Inclined
-9.863533461156083,1.0462104836319117,6.4606748405905154,5.419944213476681,-8.505401863800842,0.9221021349524704,1.6685421090724704,146,Gravel
-9.356046778799858,4.9300675492495705,20.899094226928177,37.085206455195724,-2.1641265158990017,1.6943193984302836,2.005835248008995,220,Gravel
-9.804,1.218,1.844,1.262,-7.844,0.945,1.729,146,Smooth Inclined
-10.057,2.14,4.832,10.024,-4.656,1.846,2.182,220,Grass
-9.922005455586815,0.01,0.9282723617621478,0.01,-8.1130566502233,2.174394629840745,2.4986476262988426,220,Smooth Inclined
-9.428498663081006,6.053979193431333,13.924177407993733,19.241376355944084,-4.801854173140343,1.6794503513876016,2.2738732664007335,220,Gravel
-10.031183059388683,3.9986773883997504,18.85446785674353,28.87776305372483,-5.824101381825511,1.845565063195326,2.2395667067274885,220,Rough
-10.049233641629781,3.346717953640654,-0.7148396955139346,4.802195876732738,-7.770258881052838,1.376629877820809,1.6856647973530319,220,Smooth
-9.89152178364852,3.504856563340971,-0.741824479860437,4.799483586687195,-6.804456700779457,1.4314263104316092,1.8019451925890606,220,Smooth
-9.992,0.106,1.489,1.825,-5.671,1.67,2.371,212,Grass
-10.055,1.815,4.392,13.085,-5.903,1.842,2.191,220,Grass
-9.83101813512605,1.093852065017366,7.662443083633574,0.01,-8.74739165447391,0.9714711433733505,1.9325991995807141,146,Gravel
-10.023011696599552,3.4043224070013984,-0.758714680915634,4.270718118206429,-7.919984541644671,1.4218909754581024,1.7203332827745113,220,Smooth
-9.840076628649257,5.241878689555709,-82.66061852998133,47.40156428366642,-6.955968271474946,1.6386511815610978,2.1371254258072927,220,Gravel
-10.437,2.821,-0.101,4.237,-7.766,1.403,1.558,220,Smooth
-9.595560154350757,5.616315216223561,15.528666527358533,20.730713730092557,-3.5770741357826656,1.6538614153768558,2.038684484346288,220,Rough
-9.697252219374485,5.466584059648966,14.517069183818759,20.365955727065398,-3.3432553431705814,1.675583678476098,2.03938345802861,220,Rough
-9.932296810557489,0.13193224616046545,2.100586736775639,2.2786303586456507,-8.748308696725058,1.4855633954226437,2.323700667221484,212,Smooth Inclined
-10.098114324553258,2.5566995726864103,-0.04813375563061098,5.2037896135431465,-5.234282047293198,1.519668057333211,1.8772661507647694,220,Smooth
-9.91207412128773,0.25683715811710367,2.0429632971811373,0.01,-8.293228454021756,2.1266132978937256,2.5593100028703297,220,Smooth Inclined
-10.00214967818658,0.7291448368744029,1.6221443790921812,2.4590759098712365,-6.905603905201676,1.7770566199784463,2.3889263709100375,212,Smooth Inclined
-9.705,3.685,-2.096,21.586,-1.397,1.828,2.193,220,Rough
-9.982941493308031,5.461270411163528,7.704264279120154,18.590164233385178,-1.505051961092534,1.743410521218681,2.127628557989282,220,Rough
-9.960110280514426,0.3295695884691251,2.3111876485828056,1.1126766895431999,-5.459506227910178,1.6711576527832481,2.293936572855397,212,Grass
-9.906820649876293,0.01,2.3030450461495873,1.4003037913918457,-8.636433635115743,1.6380130815892546,2.36687704788981,212,Smooth Inclined
-9.822351366096507,1.2790805077422474,-4.399865105925068,1.9213040755462751,-8.251936334337637,1.0385122364922734,1.8555017263340277,146,Gravel
-10.129368442013904,5.28171352179282,4.020808205104124,18.26731674626173,-1.3882960624329688,1.7529485784991068,2.113170234038643,220,Rough
-10.487821940287288,4.179346515344422,14.992304262119559,26.221413024369912,-5.938905182512696,1.8039428178194055,2.1108110738602384,220,Gravel
-9.995491345310487,0.2549080469293387,2.8542015714035545,3.4377071746913335,-6.555376945492189,2.1596807959710485,2.451327797144652,220,Grass
-10.040207794520986,3.528638655995657,-0.6909962602013583,4.468967768230492,-7.4273392111450285,1.4390340226782625,1.6868933102815202,220,Smooth
-9.998331613024135,0.21495476449398704,1.4966648345421345,4.198809607370713,-7.207116878166956,1.660654006972037,2.317073236097642,212,Smooth Inclined
-9.925740012994675,0.7523635510876995,2.7566881920023603,7.079017884262577,-5.407245000015129,1.6163247526703428,2.3008095113688523,212,Grass
-10.235109030486862,3.3534537124109804,5.587043194613043,12.418249401513473,-6.099658800278858,1.7163166358388384,2.1058256295823936,220,Grass
-9.660466411481144,4.813733266202349,8.241417558091664,20.84561364477216,-1.8329802903860215,1.7338142591234174,2.083366221396383,220,Rough
-9.85,1.224,1.395,0.7,-5.638,0.946,1.837,146,Grass
-9.918919167739352,0.06837249774738899,1.9087860558094931,1.8876455976232076,-9.242317478497242,1.6328476281108677,2.357600261248448,212,Smooth Inclined
-9.829209146009115,1.0156637393884616,1.6651427671480183,0.17511181356422445,-6.478592576141332,0.9832907792033313,1.8538888506888804,146,Grass
-10.405591496355331,2.812402029688281,-0.0923575867100055,4.570679792362787,-7.78876888732117,1.3972334313856345,1.5744739118339128,220,Smooth
-9.9591134893989,0.26997823847441615,1.3788806048641642,0.01,-6.03392891202198,2.2101621984173763,2.560649252785035,220,Grass
-9.960146763651549,0.01,0.36130736450192846,0.8027854578005826,-7.868580792110207,2.0540676869132484,2.607076814251762,220,Smooth Inclined
-9.9883697553727,5.456335090147992,6.511547832071348,18.2641775182925,-1.4948937778566123,1.744719326588173,2.1445429981879838,220,Rough
-9.125,6.293,7.632,43.846,-4.004,1.705,2.057,220,Gravel
-10.474231349282265,5.705114800074443,2.193691686543597,23.036698685508146,-6.554142553634108,1.7429679106336993,2.1847372444546185,220,Rough
-9.804697082478008,1.0198766208415502,1.3544284935599409,2.7917867900989366,-8.168121456628509,1.0452844660160836,1.6771083617140858,146,Smooth Inclined
-9.428863943682927,4.936206334890709,18.43996205561976,36.00687861023065,-2.6204506567351107,1.572397884005745,2.044763295660731,220,Gravel
-10.328368994739556,5.850299133859224,0.746905023811917,23.54846510027231,-6.83682572229768,1.7319394381361986,2.1785124190438454,220,Rough
-10.562093528534172,3.662775955886183,-4.027814808638899,23.833147858323123,-3.080181863234789,1.810044099673597,2.2247886496195854,220,Rough
-9.916875683981024,0.15314623822162918,2.071276744766313,0.01,-8.641050281100638,2.1811284227218715,2.464549648376939,220,Smooth Inclined
-10.120475390845307,1.1723398828858422,0.931069963506417,2.623523614189669,-4.737891700453844,1.4156037033506492,1.878664571614468,212,Smooth
-9.944800832152948,0.24867930460638918,1.0571792188180162,0.734671211041477,-8.21945133636687,2.0305879424645865,2.6727463219214425,220,Smooth Inclined
-10.426480765866648,4.691327207579281,8.939461951945987,26.221972651841327,-3.1288052413610776,1.8175495818615637,2.098287676281747,220,Gravel
-10.087665045670207,3.2612279133925366,-0.7082212563340975,4.787295912920601,-7.9238530678492065,1.4499319833468896,1.6816292296764253,220,Smooth
-10.132,1.297,0.829,2.778,-4.803,1.384,1.866,212,Smooth
-9.704186592628991,4.792682894375395,7.44340703618253,20.826164812009424,-1.99273809929278,1.7524298522640664,2.0972450736855084,220,Rough
-9.306465368841376,5.143765017605473,17.094300524811178,35.547147956815905,-2.1678547428213277,1.6342041251866706,2.023660994729391,220,Gravel
-8.723487277962962,7.089426084966722,24.40574361944986,34.83758188003602,-3.1403400367999237,1.7472016321200068,2.0182273856833453,220,Gravel
-9.929725652084146,0.367355079821444,0.8624992098644458,0.01,-8.127641534273728,2.1079745523988724,2.5356367210083257,220,Smooth Inclined
-10.097877381256625,4.083963005966532,20.348123594567006,27.75728855724666,-5.275001983700869,1.841111419751715,2.253191655808271,220,Rough
-10.455706489222994,2.8787801920905234,-0.32222277526622073,3.9327571989408026,-7.213982509093951,1.4026502297957761,1.6527021951520802,220,Smooth
-9.591187746404492,3.0478798534115055,1.2275171584623312,11.868427010796873,-6.212995126087369,1.746537847223538,2.0369537354060943,220,Grass
-10.45500228734881,2.733424275534552,-0.13818974753457153,4.145817980422725,-7.827222166037332,1.4130878251240817,1.5504099754082348,220,Smooth
-9.818612880717133,1.2802300913471771,1.3337567435897126,0.6537459214684905,-6.4154731933439475,0.8714576257012606,1.8779287414695842,146,Grass
-9.911819156543588,0.18793182221888052,1.7486392694023134,2.196511931651404,-8.611953270480779,1.6233759049827337,2.2559894106064386,212,Smooth Inclined
-9.15960582677245,5.695427661497977,2.5513011070880527,32.394023410255514,-3.590084650992598,1.7862537184704044,2.0602014731255696,220,Gravel
-9.379,4.348,7.412,16.36,-6.386,1.668,2.029,220,Gravel
-9.93180513892068,0.01,1.2623820627985904,2.040341573194194,-8.26396498060629,2.2395418200042942,2.602354297289131,220,Smooth Inclined
-9.43824638964406,5.636753239453204,12.16727882216845,26.285949973346185,-1.5527165941350813,1.6471090744015253,1.951306946712911,220,Rough
-9.899659951169012,3.429368811707179,-0.5461329439790957,5.05477326728746,-6.596636227538078,1.4353624705361658,1.779991084225968,220,Smooth
-10.064209790767128,3.540011311317882,-0.6441664060485018,4.468140717966885,-7.7432054448175025,1.4654548533147824,1.7144363904011874,220,Smooth
-10.2680913239486,3.2023118970057345,5.601311865592721,13.135301648263686,-5.774947068144913,1.758568388043113,2.0377629831149706,220,Grass
-9.23336716341204,6.204263910089701,7.72556716235006,44.67743042206288,-3.9082502623226016,1.7465050103023136,2.061365326712957,220,Gravel
-9.671461537267481,5.768511882091787,14.792935218083096,21.16355065604553,-3.3095278601751015,1.6826613506007821,2.053383141699543,220,Rough
-10.560850003596855,3.700830860845226,-4.773380728424227,23.90148887798218,-3.0227734541000464,1.8026432191288253,2.209535696895852,220,Rough
-9.93298557249003,0.22452169906433234,1.6146885614317465,0.01,-8.75984252605968,2.1140831858803955,2.6271453923755335,220,Smooth Inclined
-9.379041058168193,4.14130192830683,7.074318563111316,19.536660656164376,-6.578111579652037,1.6293924662745731,2.0110977721490353,220,Gravel
-9.92280030315565,5.543296596891751,5.29072216090324,18.016251935409553,-1.4344339484745505,1.7360889222936922,2.1193157582048214,220,Rough
-9.821023779211917,0.8448710435266774,1.8947870654159946,0.01,-7.843816819074124,0.9185832917774215,1.721378215632057,146,Smooth Inclined
-10.056875572029549,3.4085606995595668,-0.5441028574926828,4.543416342477002,-7.5072071858480225,1.4320327037488358,1.6859744684360642,220,Smooth
-10.224623758121101,3.2600460233647266,5.586222727450618,12.893927071859258,-5.752579995512756,1.6392823501898202,2.024891538908544,220,Grass
-10.002654089254927,3.5912915122062206,-0.6150075331444825,4.861697455846092,-6.6899220226122935,1.4349322612936983,1.7353614848883625,220,Smooth
-10.312884354071642,4.923960936500878,8.778021807034126,31.189092002710836,-3.018189869270597,1.7377528324244553,2.0927267261141966,220,Gravel
-9.714685980273,3.658594827590209,-2.5549725626283766,20.747490669214773,-1.550976281911402,1.8260729531809623,2.2119569116784654,220,Rough
-9.102005476174627,5.396183017413752,9.24651155020408,14.308837598557373,-3.101863962350074,1.5348751519249693,1.8689203627644217,220,Gravel
-9.039355641133795,5.087399233206212,6.361886772380324,13.49420237597867,-2.0033827551292847,1.65856624157302,2.0157230618823885,220,Gravel
-9.56637790799058,4.830559413255926,12.761022870027501,21.427436740703982,-4.340830366660084,1.7599335689210056,2.201665854843188,220,Rough
-9.386068113193698,4.2729932604067,19.535822272318097,26.15766016479976,-2.283763573920081,1.732182857220685,2.1037420627221706,220,Gravel
-9.219291438737109,5.126359232295829,24.883166751390476,35.599310570157215,-1.9936639904815219,1.5639639255196525,2.0199892286207097,220,Gravel
-9.768707067199303,1.1055464195027223,1.5181631102690365,1.0061091225176801,-6.624521961902266,0.9321257217152984,1.7293712899208962,146,Smooth
-9.964420859864502,5.30567414385939,6.204656450378199,18.50649724150646,-0.782120831242707,1.7370108994143911,2.118973124016756,220,Rough
-9.703623502492905,2.958565899859463,3.20837531653353,15.45804785637764,-6.756773552366981,1.8292194347753128,2.1399940211630373,220,Grass
-9.983,5.494,5.394,18.439,-1.373,1.74,2.114,220,Rough
-10.154312474768577,2.656139746081743,-0.15179640750283008,4.674945240881069,-5.404998758896204,1.5300589383200636,1.8570931056881563,220,Smooth
-10.039713786358979,3.406989028715569,-0.6514470155332488,4.740087803823384,-7.294863755270475,1.4780769706646422,1.6788934112993772,220,Smooth
-10.149525413733672,1.3846669189705654,0.6081543544398155,2.578360936723904,-4.872715732256308,1.350072984958323,1.894288172937317,212,Smooth
-8.924467991135822,5.383560458582939,25.582199546549173,28.738172816782257,-3.4664911220650128,1.6192010940518409,1.9817368932517168,220,Gravel
-9.81867949222109,4.282907306500207,10.6148343445213,19.48525395266318,-5.233692230456826,1.7044242478682583,2.3079121502898627,220,Smooth Inclined
-10.02698738423356,3.416832143667725,-0.6272991493373206,4.4432101047111,-7.493719539899149,1.3798100667274895,1.694416745678145,220,Smooth
-9.799922646912067,0.78365429811105,4.4645650671696115,11.589985826677772,-7.899873531878444,1.9273397414522047,2.3272041370292054,220,Grass
-9.82024853015446,1.427363109669468,1.7902560888115338,1.566707442402684,-6.504826435235779,0.923941700786212,1.847972008406383,146,Grass
-9.792601955892025,4.088684193686731,10.276885821982447,19.95224221477513,-5.131178586837559,1.8419814725592107,2.2902077208753204,220,Smooth Inclined
-10.045550318923933,3.4822754461181753,-0.6645940998054889,4.7723657777059385,-7.8952686483135555,1.430337747188575,1.7082117172161344,220,Smooth
-9.814269527290996,1.3302217136439305,2.0819276845817107,1.2447330111261712,-6.611565763118908,0.9010548590997569,1.7294298694248331,146,Grass
-9.810402860905972,1.2833286434667641,1.6378217626145912,0.6737552970144757,-7.671667443390986,0.9085193730109805,1.7483657767805703,146,Smooth Inclined
-9.819478962608276,1.0595345688480868,1.462822186569463,3.198750163291991,-8.11971252036671,0.8116476102937282,1.6889911893965501,146,Smooth Inclined
-9.79769279336355,5.153366652725773,-77.91924436427281,48.31479545477344,-7.073052165440656,1.646498869781693,2.1392934036431046,220,Gravel
-9.941697925292518,0.01,1.4058864525483723,1.3836114373064128,-8.255410294038928,2.101267600372003,2.5214210895629336,220,Smooth Inclined
-8.395775363851572,6.719272503253607,6.5562051615192605,24.21817984673106,-4.318574196938094,1.6569866875457386,1.9383828653160833,220,Gravel
-10.0093412122888,3.288751517414523,5.282182736990576,19.75407395178704,-6.063557369076623,1.745950681618782,2.0998315596970154,220,Grass
-10.052586290150881,1.8722657295121845,4.083372238544191,13.316984334842227,-6.213114117841696,1.8488549031974832,2.2129487080055585,220,Grass
-10.055474920250251,3.9768584858192804,19.631731440175074,27.579284556366417,-5.720917199206311,1.8264338308081915,2.2620599414395666,220,Rough
-10.04290259989535,5.418671493626999,7.146338211238232,18.216777562560594,-1.41194598382125,1.7404762416735526,2.1057265639041596,220,Rough
-9.634566795597841,4.683512509762686,8.217412843457584,20.994332334455528,-1.9315627765290346,1.7433272619785536,2.11182765955648,220,Rough
-9.82599195047372,1.2014212269710292,1.117294351635772,0.31937602478709165,-6.4069148782177985,0.9265915443049382,1.7916653583768865,146,Grass
-9.938167395352503,3.478145444041948,-0.7039996851533126,4.724168059660277,-6.967898818643957,1.4633929296602886,1.7898986765951421,220,Smooth
-10.462439629917712,2.845438296860058,-0.1675454944851508,4.110344514750404,-7.97511777576567,1.4001350988759174,1.5333767686085609,220,Smooth
-10.030238999804077,3.387031799052748,-0.6033109136667576,4.536982793419014,-7.814338220375404,1.4185449728185586,1.7306489890623833,220,Smooth
-9.656344893685413,4.8958794514432915,12.303826492740992,21.230611099586667,-3.938895033316432,1.7876646768885818,2.1600845532822643,220,Rough
-9.935190402267832,0.5496476340733987,3.632370941631351,5.871207628087832,-5.463536058268287,1.6731103672143968,2.2541958751454385,212,Grass
-9.97867908365014,3.562210225907013,-0.6092073315202653,4.374642035210501,-8.081056810034955,1.4584847556460716,1.6906409408671985,220,Smooth
-9.803836286599664,4.268656145074073,9.720959766015861,19.730179451714655,-5.129553175830181,1.75237896092062,2.280560335234883,220,Smooth Inclined
-9.990749106343014,0.8382088579043223,2.0523335685116795,4.320197767013997,-6.9809072243770265,1.7550305977235836,2.187581073003561,212,Smooth Inclined
-10.1444840560441,2.555721961407485,-0.2791830800841691,4.933603534631967,-5.4383660219791645,1.5597543370002203,1.869151235192911,220,Smooth
-9.959924472863095,0.5231045359642861,3.151682846278388,1.8607205738788974,-5.365891324855916,1.7248972076521705,2.3032473917421834,212,Grass
-9.814829214348606,4.57073339766281,10.221633825779554,20.91180210367802,-5.0671139124763505,1.6869104618467499,2.3144615934298196,220,Smooth Inclined
-10.147719793252303,2.346532958938038,-0.12582803405365664,4.992655429391164,-5.4757035889900285,1.4927015830443071,1.860017317620024,220,Smooth
-10.029982449818599,2.7394899594852173,4.644873997883613,8.560695454811071,-3.5994313495021926,1.8547321455542978,2.3068636794509976,220,Grass
-9.933567744187155,0.01,1.107332760267366,0.5489783302418025,-8.468440219550486,2.0722549753971027,2.51024623686249,220,Smooth Inclined
-9.382998650863977,4.826404451625361,24.536050397817196,40.66765302598964,-2.8513555109114805,1.6768634521516879,2.0529817371090013,220,Gravel
-9.814843864176254,1.2497324817893605,2.406996864293258,1.3720262253571296,-7.965928353036701,0.8884427573241717,1.7359996415161099,146,Smooth Inclined
-9.712842505946636,5.557209624093563,14.12664353687092,21.87471229324263,-3.039167512211999,1.6647622603074066,2.0645994105954952,220,Rough
-10.0267532422608,3.491585230876825,-0.6667208614907273,4.466451681724579,-7.8560058961598545,1.4851652418855665,1.7108530230720884,220,Smooth
-9.935627679877024,0.13668722965608399,0.7128090076316221,0.01,-8.71535239201962,2.163411370275194,2.549825196569163,220,Smooth Inclined
-9.627331450900677,4.750878614685896,14.610954994141263,22.078694337847725,-4.59027737878245,1.7750406830472731,2.1788185263042124,220,Rough
-10.283252540865822,3.11938049196268,5.410889074158105,13.787416801664758,-6.009632574450551,1.7837109497158359,2.036569086619969,220,Grass
-9.95659185604362,3.349374409628693,-0.6699340136478552,4.510089630203385,-6.953399739055104,1.4478700462041916,1.7649205903519856,220,Smooth
-9.623568347165893,5.00119926570415,12.664742286732235,21.892312743483494,-4.366117524603906,1.7643137107693514,2.171940943998457,220,Rough
-9.95067223384425,0.01,1.4363787370875358,0.9097509314955864,-8.34673897583281,2.123238563111073,2.5576215523014794,220,Smooth Inclined
-9.923910228181807,0.07064786942522419,1.6007553374333376,0.5584375643303471,-8.157447637992194,2.213745443561209,2.543289978543553,220,Smooth Inclined
-9.714439244504996,3.905646402984159,-2.5945702778106585,21.7859934366997,-1.225728057498517,1.8413897922068367,2.201243646795187,220,Rough
-9.926466812349684,0.5128178024915611,2.72197231563345,0.4588937393379141,-8.795819590528156,1.7414019967100933,2.393175684483268,212,Smooth Inclined
-9.801602482855658,4.320786298710194,10.936606073977357,19.205551677103212,-4.999024080640003,1.840280962912396,2.3162769568332426,220,Smooth Inclined
-8.677088241073477,7.265510677766245,10.281481697133275,37.96440812395207,-3.1621067167768677,1.6785523095274242,2.0243392385126113,220,Gravel
-9.934708465051795,0.17777791295286055,1.1319594276299094,0.01,-6.282005776877051,2.2347439157451334,2.6064928705960786,220,Grass
-10.000363724099735,5.6300286196846265,4.65459541187497,18.181208656455645,-1.7302941792126303,1.7429260068914663,2.1211116224167004,220,Rough
-9.800124862416379,0.7819894726779699,1.5516412131775084,0.5425080204111697,-7.2332605697094525,1.0177323963673615,1.7367299249124122,146,Smooth Inclined
-9.796913435489019,1.352799433663004,2.2748472657657457,2.418046623908329,-7.713279294989132,0.9820698140967835,1.7283488520400703,146,Smooth Inclined
-8.790287676063555,6.708106619493803,10.927158737580267,34.74463551759457,-3.1048042361362254,1.680878280103225,1.9981323013132168,220,Gravel
-9.999041003610982,0.17798574212436247,1.3272910890230671,0.9669333533696706,-5.564096446989131,1.639565507872868,2.4237687106819794,212,Grass
-9.45139080420444,4.350763476019256,4.272411562959363,15.151214284604647,-5.697560534527916,1.672393072288898,2.0525336356482478,220,Gravel
-10.143499836912117,4.435750410286961,2.7270558730061834,18.652017575858537,-4.7186383391852,1.6391725004908908,2.0054320319351753,220,Gravel
-9.715007313305325,2.6334806525496117,2.890878720212442,16.54318003404703,-6.874955743997112,1.7530051828438615,2.1232272953163736,220,Grass
-10.059765382513026,3.466764856016378,-0.7101558792779876,4.697783939652069,-7.621223688926394,1.425685597307461,1.680147100530724,220,Smooth
-9.802,0.961,4.228,12.033,-7.794,1.966,2.34,220,Grass
-10.075597318050068,2.167235048485821,4.793088608095627,8.237582897730913,-4.858305364033693,1.8222312357223884,2.2183892639465275,220,Grass
-9.226517078940955,5.793591011011511,7.3391687567716275,27.6934993831393,-3.084318081359048,1.746268639135252,2.0479851614654563,220,Gravel
-10.420038837148718,5.723218350766241,1.9833468473762932,23.728307195342794,-6.515508801034035,1.7327854340872202,2.19525757517079,220,Rough
-9.583,2.767,1.138,12.252,-6.304,1.76,2.105,220,Grass
-9.646678110518076,5.6722167752526085,14.096275033004742,20.05138908864498,-3.2930787338735747,1.6806579408758575,2.03003102566254,220,Rough
-9.800554070643605,0.8709413017155962,2.4735142132553034,1.945632558746321,-7.727732892377242,1.0410932005104707,1.7164867611730228,146,Smooth Inclined
-10.103853732875548,2.9097999381192077,0.18718887013476276,4.779248568770265,-5.403797045043325,1.502338458913165,1.8569254847458905,220,Smooth
-10.051342517420846,3.4035121287503696,-0.6665768628212629,4.400223223906808,-7.379672231411621,1.4504255189792372,1.7133127710827518,220,Smooth
-8.393746820782184,6.582079393726508,8.770547633106588,29.450969209086256,-4.711096314833806,1.6975002388798415,1.9485505163321286,220,Gravel
-9.798022337312586,4.1251616751292985,9.938728273211673,20.748165801078688,-4.919280100242948,1.780661908124607,2.287919353150026,220,Smooth Inclined
-10.510396382851013,3.867782420801112,-3.3830967322415364,23.56737265687831,-2.1958289669671665,1.8213412840891599,2.2147085691878714,220,Rough
-9.831975950823061,1.4018549908260782,1.5172120978492958,1.2396418166988994,-6.3303245810698385,0.934666326420674,1.712328227567073,146,Smooth
-10.064807077758035,3.260346182978402,-0.5918801495004961,4.585388722883923,-7.658981522928474,1.442743903852878,1.6860082072935114,220,Smooth
-9.979815279697743,0.21171594287503992,2.6201878680961843,3.787096252831222,-6.373692641397637,2.138451445684483,2.489587579009415,220,Grass
-9.349300660515553,5.619059186266179,12.503937115755528,26.730860528363102,-1.6365797396353157,1.637393640089842,1.9748881818481898,220,Rough
-10.40721459221591,5.810266449168882,0.2694694092527887,23.647731694434047,-6.145464195128481,1.7332119476125403,2.1805758129870267,220,Rough
-9.938180885059252,0.01,1.9117732485919785,0.01,-8.497358391259919,2.2476268083367064,2.529338848648209,220,Smooth Inclined
-9.786,1.219,1.581,0.739,-8.74,0.952,1.872,146,Gravel
-9.909587381136648,0.4414031093826117,2.0011588855622144,0.560181356877221,-8.881804480457754,1.607713336862754,2.338636227961464,212,Smooth Inclined
-10.092700399426361,3.2680937962668843,-0.6572085012714646,4.634274252455421,-7.425674765359972,1.4348366000666495,1.6915006157389956,220,Smooth
-10.08984684375453,2.553873871454292,-0.05634897939952006,4.689205750216244,-5.422933781552836,1.4941272077199068,1.8441579459294777,220,Smooth
-10.629623051413748,3.7542959669050737,-5.451366300329832,23.602807491796813,-2.910612228857938,1.7938566125842998,2.220770641076515,220,Rough
-9.807373442820381,1.3654033764715998,1.7077731501000224,0.5899365992263232,-6.492751022307026,0.9648280890109774,1.7766877448499065,146,Grass
-9.357627566930418,5.769967133024317,12.319414331190647,27.649794191768198,-1.4305248366785333,1.6592193935761472,1.9797078336280496,220,Rough
-9.770522704513574,0.9798127057730549,3.833885222573071,12.333523310586125,-7.9285742377650035,1.9988037299638164,2.3500331397220635,220,Grass
-9.078621507251444,5.424561301505017,0.36000562078589304,14.269423761982553,-3.173739708784485,1.5250666875078998,1.8573114871309413,220,Gravel
-9.694480771833723,4.773943426758574,9.781554041433582,21.253788210195943,-2.3843074253291046,1.7341962381597114,2.110931996257667,220,Rough
-10.051,4.458,5.763,17.309,-4.55,1.644,1.987,220,Gravel
-10.054019724939636,4.698382282761912,7.689711057201132,16.5406193210792,-4.517504128400723,1.6384995820756778,1.9713734497790403,220,Gravel
-9.941334559167812,0.01,1.6324370458546433,1.0932691703339257,-8.197034234551321,2.117436312036012,2.6010900984145655,220,Smooth Inclined
-9.32,5.218,22.562,36.875,-2.512,1.631,2.036,220,Gravel
-8.983728525049854,5.239771113208125,21.33268367641093,25.206221813675022,-3.6704074948031207,1.6231474774895307,1.9780833455356233,220,Gravel
-9.939422261441278,0.4709609995280042,1.6670754131357872,0.01,-8.129676835068393,2.1630386666668984,2.5203098069304866,220,Smooth Inclined
-9.55019488228785,3.860019463300938,-2.62779637590925,22.19217765982645,-0.6435798399948411,1.8189090866050917,2.1811118815640884,220,Rough
-9.68830378071242,4.777426603576746,8.332572228856062,21.269712906599768,-2.1699087935251824,1.732240138946287,2.123802390292152,220,Rough
-9.47739692845719,6.012916437882117,6.0066522918675025,18.29925887476202,-4.909101752384604,1.656545778700173,2.249862240274406,220,Gravel
-9.985469250236578,0.24772034868011567,3.155229235499754,5.442470070257206,-6.465149772526657,2.057120370140108,2.556836763194145,220,Grass
-9.972,0.041,1.516,0.16,-5.948,2.243,2.562,220,Grass
-9.973193615521375,3.3388953104145442,-0.6469695071475599,4.549412753125423,-7.130313494528421,1.4447183924543756,1.7822419027410668,220,Smooth
-9.246005161920143,4.855820563672805,26.14604838250319,35.496186909512616,-3.053677404637282,1.651686016131498,1.9780002255334466,220,Gravel
-9.817971571999989,4.326963708168105,9.699562858868065,19.530044549066332,-5.136193718558622,1.7818142006098956,2.302584663138386,220,Smooth Inclined
-10.420080548301302,2.8290655378611307,-0.21012706950530619,4.038396717072618,-7.309984486358643,1.422314791507859,1.6457634457885209,220,Smooth
-9.841291776762102,1.2611450670723334,1.7249716247294353,1.4194708038486143,-5.875302164243021,0.8953878027832596,1.8112572137834289,146,Grass
-9.640184522278908,4.794026534215373,9.9451267373328,21.427319945180336,-2.5864803624338446,1.7081684861683923,2.09567065836285,220,Rough
-9.788332565059644,3.517367589545796,-3.232300287032227,22.51466832034665,-1.285035222244652,1.8258882634659301,2.1836939916946965,220,Rough
-9.945671989882575,3.6173715548373644,-0.7067371982147485,4.897756952200083,-6.975723173844147,1.4515343045727829,1.7783314080583528,220,Smooth
-10.444283989501383,2.6969081919028444,-0.21726156282697914,4.403994345549408,-7.674980197229613,1.4303201421231795,1.5564391039808563,220,Smooth
-9.919250900771766,0.01,1.9114178065673906,1.3912201489500815,-8.52294343999992,2.2463308603388206,2.5906364108082935,220,Smooth Inclined
-9.926481847949482,0.10289453713713975,1.969656260156043,0.8832484485078724,-8.496865413952206,2.2268673082793473,2.5802954225486903,220,Smooth Inclined
-9.909153363899602,0.19867994095018712,2.300668074453723,0.3457335255457269,-8.831425895359619,1.7074133351277545,2.4466086119131276,212,Smooth Inclined
-9.558995371459233,5.652165600441823,12.766669312394956,20.324382165816765,-4.553229639440854,1.6742248169783058,2.2348555909008483,220,Gravel
-10.420775084014638,5.853691799064619,2.8808812641535653,24.056791019760226,-6.509206511367673,1.7283154991674947,2.181140926759407,220,Rough
-9.767941243762134,4.777167464635024,8.723540560703109,21.180786082925422,-2.2409335367759766,1.7311796881040715,2.1177573381921135,220,Rough
-10.099481068623978,2.5231291257511357,0.08670450445802058,4.959928668482097,-5.489917428870644,1.5125523726078907,1.8731562933819028,220,Smooth
-10.452,5.812,2.186,23.434,-6.268,1.732,2.189,220,Rough
-9.921666038450908,0.01,1.766949934030129,0.022856888947711665,-8.385422127873941,2.1604992952607196,2.471763183480995,220,Smooth Inclined
-10.0792873517542,4.195976076990482,10.155234994924143,14.62823290370924,-4.337861128895338,1.6250538072158547,1.9720170879413284,220,Gravel
-10.07863629952764,2.2543592022659906,4.877253164775231,10.64737507896764,-4.496897758809396,1.7708111905908215,2.158737655189022,220,Grass
-9.958855243430522,0.01,1.1638787480378745,0.06351303791835694,-8.5530033302185,2.2177542800856487,2.564928963570359,220,Smooth Inclined
-9.65546280946854,4.644479327795265,7.249225961719781,21.37523613768136,-1.7788077932969295,1.7409234169585965,2.1109827754828037,220,Rough
-9.930307651128128,3.5400188838474627,-0.6911814896248324,4.235683088337536,-6.683001121447606,1.4326171071079954,1.6894090318978867,220,Smooth
-10.508435721908555,6.0268220183975645,1.5143858050853942,23.04739366771469,-5.831275033576219,1.7177453593438177,2.1936392025943374,220,Rough
-9.965074572003921,0.11019179540548944,1.959394854845338,0.01,-8.161649894325212,2.161964852646949,2.5827825689358543,220,Smooth Inclined
-10.421265461493887,5.9023167626023625,3.031842136310657,23.957862017582414,-6.1258804400420654,1.7262083518491964,2.219914976659028,220,Rough
-8.439348326415514,6.729572563056617,7.534311871537619,25.715738389275508,-4.120301732706102,1.6845145791060043,1.9840462071658103,220,Gravel
-9.874385157444932,1.1309269887795783,1.5715234660971171,0.01,-5.603167217265486,0.9596508527171601,1.8264514638943794,146,Grass
-9.788870068950423,1.308863127541154,1.755628203113571,1.0329558933067713,-6.539820349728581,0.9110338332886789,1.742127439476806,146,Smooth
-9.783472024234289,1.4247120655567613,1.7199936517323575,2.1390055763132416,-7.4940261661395,1.0094058519080673,1.7067689959666579,146,Smooth Inclined
-9.813137138698176,4.094181019638726,10.375918553760343,21.074838408618653,-5.284735785270856,1.773805477819285,2.2703397322375682,220,Smooth Inclined
-9.712,2.563,2.869,16.585,-6.777,1.797,2.141,220,Grass
-9.14368776906314,4.365450602231669,13.73629568821718,26.986260462696368,-2.3728818574091477,1.740519505378924,2.117043334795358,220,Gravel
-9.94109137024981,0.21900399583214095,1.8591661100488899,0.10783840789941751,-8.025268310868492,2.129465683742294,2.5697275318306536,220,Smooth Inclined
-9.198398405303877,5.710336107236369,4.382360446410462,16.709087854898996,-3.287200139358557,1.5925098104582787,1.8368363879655838,220,Gravel
-9.953002533223085,0.44510511675344566,0.9268393515991143,0.2681291285509601,-8.130413088257908,2.1816734296823928,2.5904298954381977,220,Smooth Inclined
-10.151317290490457,1.434932915441294,0.9722796207310577,2.7711214562899555,-4.737018667042655,1.3913651152053867,1.88345339502887,212,Smooth
-9.960770347307582,0.22319833533988254,1.3791378344430827,0.01,-8.326560586653617,2.211095001867821,2.5106849795287145,220,Smooth Inclined
-10.271778790225753,2.5698163406103482,5.739134098881878,12.714971796587577,-5.917460019031473,1.6623359276750407,2.0061200810364084,220,Grass
-10.083833461311189,4.178957371828094,18.11929732853078,27.065249707739945,-5.400216736526176,1.8392697774135043,2.270022941128358,220,Rough
-9.584,4.869,13.259,21.77,-4.395,1.76,2.19,220,Rough
-9.957903361115733,0.2126680129172936,1.519276193659219,0.4518011619636129,-8.239163712327615,2.0685762876610503,2.6206831389350937,220,Smooth Inclined
-9.32091284617736,4.537060775448832,19.295960955078506,27.5515575721451,-2.561076212718422,1.7274999859325986,2.0931053694531636,220,Gravel
-10.12047094954991,2.6456924348015236,0.1050001292597679,4.88516745840012,-5.428384124190592,1.52259687371905,1.8611383439995837,220,Smooth
-9.964757612205384,0.4452180808870262,2.735220329910463,1.0013435264247426,-5.523820634839152,1.5989224176814867,2.2899177501639967,212,Grass
-9.921903124685652,0.05603382930450275,1.8091059903463684,0.5954031668864217,-8.418453626796055,2.11891592552809,2.443312806674105,220,Smooth Inclined
-9.831464975628371,4.219335578856859,9.994937915792027,20.055434052448497,-5.209143869889864,1.7830978280636516,2.281798240073571,220,Smooth Inclined
-9.932241814431688,5.591627443538575,5.396156864337217,18.379371474282046,-1.2261519757938335,1.7216198827054086,2.1241136124992,220,Rough
-10.405204584151928,4.5605297711665,10.420315052091908,20.042157658131877,-5.4807664749151295,1.7189391541265908,2.1197959111420475,220,Gravel
-9.84775672086823,1.1236010611193565,1.6407474823685104,1.284799352131969,-6.397850134695751,0.9373897508893705,1.7396049240134315,146,Smooth
-9.46566243418705,5.027237325161902,19.369256724600287,40.12053013277813,-2.7393730256620032,1.5753600211931238,2.061829473599922,220,Gravel
-9.951302680079129,0.04372509365846885,1.398697264254963,0.017352488127474974,-8.201044798839316,2.101432652816334,2.620739152736015,220,Smooth Inclined
-10.004419230494822,4.340674561649349,5.647885114936705,15.683352281569693,-4.449591823912821,1.6360655289741826,1.99523090282853,220,Gravel
-9.10753606778866,5.7462662721591915,9.48685952635601,16.856698870080578,-2.1710670260785414,1.6148498811335465,1.997828398685314,220,Gravel
-10.017782644997343,0.4811387832154774,1.3607425630151813,1.9655924477059155,-6.83058815186002,1.68008901710089,2.2595351216425077,212,Smooth Inclined
-10.188793113901017,1.2666658267120876,0.8626665633725531,2.592862642553416,-4.800498768052268,1.3713746757856016,1.855918609850591,212,Smooth
-9.916172764891408,2.606364235418838,4.76085854513032,12.202674762137525,-6.480749543331687,1.7704732440073367,2.1644931658814963,220,Grass
-10.009863741335998,0.14266381518838972,1.5456584974693224,2.2611868102159853,-6.904598778948654,1.5913724381906267,2.299826442602126,212,Smooth Inclined
-9.580806836727996,2.786181908799243,1.4750637930804489,11.054328452419316,-6.749900151648202,1.7146106157384045,2.069871252881276,220,Grass
-9.680225575682034,3.811055917532663,-1.4573299229752243,20.63764597888001,-1.9796652167120699,1.8273926219546628,2.1848238407094676,220,Rough
-10.067,4.079,17.844,28.125,-5.337,1.835,2.25,220,Rough
-9.944287150585687,3.5361997166758874,-0.777556771197206,4.195866561824187,-6.645265160996487,1.451454385129536,1.6749182178859439,220,Smooth
-10.104681585036799,2.534567886242586,-0.30868880738589977,4.8326244555907785,-5.6859732020191105,1.5193476537412405,1.8669797340138523,220,Smooth
-10.072891970852607,4.133767437722571,17.62584019980128,27.66903477038567,-5.638117995799136,1.8349675879785856,2.2624080971454275,220,Rough
-10.369102541391161,3.1161980059646868,-0.26507233492988813,4.492012584669718,-7.847521237290656,1.3830754034916855,1.5649598107887701,220,Smooth
-9.71700266979141,2.446285836130162,2.794059484906239,16.849108785456988,-6.809829908353535,1.846061073807254,2.0883020011106805,220,Grass
-9.655695792684556,5.839594488818313,14.393841739608902,21.327080333008944,-3.690986653083072,1.6666343092046312,2.0623271719704532,220,Rough
-9.932190671213716,2.7717553553314582,4.799098293472335,11.000116485971231,-6.362350984910436,1.8013526367128632,2.13811697299946,220,Grass
-10.123215480307993,4.141574615463657,6.004605945159499,18.882521017139837,-4.436178323907567,1.5674100637512942,2.009150199568301,220,Gravel
-9.573919676747835,5.057328681480673,14.246860074696396,21.833966977077473,-4.290844294993867,1.7693689987579142,2.1968106240317344,220,Rough
-10.068235642068863,3.5952205576017877,-0.6271033098940499,4.736721068628749,-7.850610159185754,1.4383391875212514,1.6685405631324088,220,Smooth
-9.764939864571723,0.9083269552034591,4.646838208432203,11.617389365093764,-7.806453093947947,1.9638963883099392,2.3426158496288547,220,Grass
-9.352232435698669,5.815744390778564,14.028858655094023,26.67369614535563,-1.638696559873366,1.6621191302595366,1.9862535312278127,220,Rough
-9.780203488916316,1.0131740957319721,2.1065764591486955,0.8359057135451955,-7.646978997420582,1.0711302814806105,1.673801594643077,146,Smooth Inclined
-9.771655061527813,4.733223339212635,-81.01736712186285,47.017012272013986,-7.367280164718166,1.6119977632323688,2.131613232765833,220,Gravel
-9.976669496592466,0.5702917145989923,2.971302532121759,6.5937228132820715,-5.529058537633732,1.6165087505241755,2.295392115390963,212,Grass
-10.016093703162545,3.282198247387617,-0.6889948702866213,4.003162770578443,-6.695679972353391,1.3941198233656213,1.681135756434475,220,Smooth
-10.019293591118672,5.448697581624612,6.434019432213173,18.180271387180852,-1.4530205414748203,1.7308615392954299,2.1163592990422972,220,Rough
-10.140601577967523,1.4281541992493179,0.7127903858971614,2.572668735753227,-4.90953605253282,1.3350696826006012,1.8567524129814479,212,Smooth
-9.97674941121243,0.01,1.4413659077020637,2.6814827136915222,-5.904358454481047,1.6311073505860672,2.3722987692744733,212,Grass
-10.292252368332566,3.2113421607893224,5.226595188380435,11.096224226598025,-5.970776363923787,1.5877359432608646,2.1202488416938956,220,Grass
-9.828,1.22,1.582,0.606,-6.534,0.944,1.855,146,Grass
-9.840196321235108,2.639941806082457,6.719323573868381,15.332606822206643,-6.578388822214586,1.4896848379425258,2.1416523030493058,212,Gravel
-10.002987554790181,5.532625821363412,6.390692552725009,17.786533086926887,-1.6558903120321964,1.7409608743590363,2.0844529206858127,220,Rough
-10.0952026716304,2.4618492174466926,-0.000716910984200389,5.091904990035494,-5.280844354477981,1.5157276550070726,1.8638473432616947,220,Smooth
-9.852091486633764,1.0450945617876337,1.8347763238997687,1.1770459674382003,-6.388064651856624,0.846742916715636,1.7449885006171644,146,Smooth
-9.129158951670599,5.7972445450876915,9.404134569368361,14.19445203468188,-3.4455218369493514,1.5598476568469057,1.8402608886980054,220,Gravel
-9.437267449018595,4.507664548583468,7.408590402035339,15.946979413909636,-6.552858439609443,1.6532693508383707,2.0268371676750205,220,Gravel
-9.960324996250021,0.12737614263229374,0.8622850757687482,0.3506321164059254,-8.403727127969901,2.068398133446309,2.520113237107707,220,Smooth Inclined
-9.710831036408523,2.7596698409438427,2.715288929826296,18.277806257295328,-6.820728606400335,1.7425090933405625,2.130819175012234,220,Grass
-9.665148878242976,5.77721752498843,11.951071137681815,21.639643300161662,-3.0375149643111437,1.6633579590372125,2.049697725207204,220,Rough
-9.78567565721559,2.1938635389948824,5.369438498228218,16.214406721384716,-6.205172001899873,1.498134295287595,2.174558841300556,212,Gravel
-10.060555662431252,3.577731842664268,-0.6654970983334346,4.562923442346713,-7.908731899784645,1.4632641451944055,1.6803353228316127,220,Smooth
-9.407697450749763,5.860931800756344,14.6306364522253,26.578352262507916,-1.827220991512368,1.661991683319994,1.9687487307959308,220,Rough
-9.833338330392133,1.129315659981391,1.2339155225675293,1.4856567151057058,-6.582150964951696,0.9382708880679536,1.7853460011897153,146,Grass
-9.94,0.09,1.558,0.456,-8.288,2.145,2.566,220,Smooth Inclined
-9.947345260843756,3.446767576885326,-0.6951506694493707,4.542317910502071,-6.933205855379631,1.4190992589608467,1.6879517078028587,220,Smooth
-9.802138439320663,1.3876118809144151,1.7040735262965858,1.1434751229368534,-8.12643586168038,0.9042182690884614,1.7079181549535136,146,Smooth Inclined
-9.884996182347571,3.626191830146075,-0.7094003189199475,4.6829440494089845,-7.020493915017452,1.4037951948284086,1.7803657266152937,220,Smooth
-9.511805267706682,3.944017656138425,11.719103732696375,17.616367063519203,-6.477048263811592,1.7045988631339526,2.0472637395830295,220,Gravel
-9.951466363908773,0.17634460352046707,0.42652092526661334,0.5481195132632339,-8.606955902038049,2.1705252979924063,2.6035243663787995,220,Smooth Inclined
-9.988952266670932,0.01,1.0068787992305146,2.0897842831758147,-5.748835728032628,1.7025764490432553,2.4300421687411613,212,Grass
-9.812725004928888,0.9957442386308915,5.55989963491248,1.9000509799945742,-8.823955002410809,0.9596149913010021,1.8688195495617659,146,Gravel
-10.000223747445569,3.94879517528405,14.487347011827845,27.913283331681786,-5.12280840821738,1.8365079846147916,2.24725090287744,220,Rough
-10.016410619132431,3.390994518891523,-0.4447457559064658,4.845426836630472,-8.247366164077492,1.4105613919755688,1.7060173154611689,220,Smooth
-10.007046880371414,0.09389652065837303,1.3937265841170292,0.4896175566467704,-5.6853012563109555,1.6918822183519562,2.3679964681393164,212,Grass
-10.411478118078763,2.760513802187061,-0.29027457197293727,4.036813373361777,-7.107007825343378,1.400119087179283,1.6509200360175833,220,Smooth
-9.904001377934609,3.4977121069210586,-0.5733531061621299,4.864862930618619,-7.153103017882927,1.4470835194526626,1.771299019893644,220,Smooth
-9.812193467157496,1.2387579714174717,1.559402703649835,0.8844834626777661,-6.559395347770707,0.909582686459198,1.7736089387332834,146,Smooth
-9.986592502034503,3.5374753555857184,5.523249806162236,18.263861207299403,-6.21460375754894,1.758173025064876,2.115424300493885,220,Grass
-10.068820914183428,4.6182169809703995,3.02064220033917,14.689703651627756,-4.119061760019506,1.566256585657288,1.9671450508851873,220,Gravel
-9.980433949370932,3.5771061468723415,-0.7340438428362548,4.926845828795553,-7.115084038025964,1.3748539512985076,1.796502389586551,220,Smooth
-10.431442195483278,3.032736499774775,-0.04105497948678446,4.059864981700371,-7.481726434532854,1.4411622382504532,1.6633398113965563,220,Smooth
-9.926,0.105,1.845,1.193,-8.812,1.674,2.358,212,Smooth Inclined
-10.490620166968421,5.573784852665759,4.243556384586993,22.836711062895038,-6.110382181100743,1.7503795984832828,2.1834758206746656,220,Rough
-9.624567527387653,4.773491863512363,7.977369145505338,20.511956339408012,-2.764303356967901,1.744548090953034,2.0961841202962814,220,Rough
-10.02988465122,3.3968057862852117,-0.7634590066032919,4.790301160813131,-7.581790683918286,1.4156841953701231,1.696698068644091,220,Smooth
-9.939438753607808,3.4486666328072766,-0.6619774473067936,4.743777548546177,-7.136017373638965,1.4483999343948513,1.7840769957356686,220,Smooth
-9.385,5.73,12.389,27.34,-1.739,1.647,1.972,220,Rough
-9.929370398577152,0.12816161955175176,0.9199191823026825,0.01,-8.173200542629857,2.1060033423062827,2.5251475288727097,220,Smooth Inclined
-10.038254723589516,3.4653904919807927,-0.5850919680046627,4.736959174351391,-7.995798686813383,1.4187951837482555,1.693956029050733,220,Smooth
-10.50346906010688,3.7463941760105257,-3.2159733638423216,24.128771264869517,-2.974514408779299,1.8118077945416788,2.20876086452015,220,Rough
-9.938517311038806,0.28410455516883565,2.00628320657984,0.01,-8.597441133631886,2.2714018605182424,2.6382645278368546,220,Smooth Inclined
-10.412164256525044,4.799931898898784,10.539531022671941,26.71802100722375,-2.940767354987767,1.7714049378583414,2.1383625768825847,220,Gravel
-10.115440931245539,1.2094525793421886,0.9020094111880891,2.860678425657982,-4.824334138644717,1.3877223770168179,1.8481306520361174,212,Smooth
-9.942861282576025,0.01,2.1535678594921985,0.12635273427408172,-8.099347354784342,2.2285266843155833,2.62021370754807,220,Smooth Inclined
-9.82243909702952,1.1204351879545433,2.1799106570482043,2.132392913071124,-7.834765400974522,0.9186928422472121,1.7831342056636694,146,Smooth Inclined
-9.937927308050856,0.523418749417212,0.912923962818714,0.01,-8.06180663429987,2.1203616090301742,2.5963065174896007,220,Smooth Inclined
-9.143,5.688,9.331,15.818,-3.047,1.57,1.862,220,Gravel
-9.828190773041529,1.3944414452504141,1.7749318166575865,0.01,-6.654411211724552,0.9616529790792223,1.8264108850490575,146,Grass
-9.556930615791106,5.920086924405502,16.75959937554179,19.038000283332604,-4.471661736388953,1.6429701587664745,2.2172518625558943,220,Gravel
-9.68794865308803,4.842701161632133,7.790166814414824,20.708682840602894,-2.941710091933879,1.750134916278939,2.107243532612758,220,Rough
-10.163453337718916,2.730273931798744,-0.17062371411633215,4.922117769975883,-5.472746923519695,1.5116448793991895,1.8468772135519895,220,Smooth
-9.988626883591495,3.990290573388465,0.780480144578549,15.533548260837975,-4.036667779813834,1.6563858794716597,1.9933397690973667,220,Gravel
-9.882320671640233,3.4911166382831857,-0.7002623979361722,4.214293213777099,-6.68152407927101,1.4152761383429104,1.6656251200793357,220,Smooth
-10.466224367881063,5.933489697049645,2.011933621740284,23.13101740871545,-5.892353139122746,1.7078043905591709,2.193190673591911,220,Rough
-9.797356021271407,4.547081630457988,9.91503196007894,21.38758814840492,-5.0498667055223025,1.8889112855490915,2.363472356825285,220,Smooth Inclined
-10.482245515462267,2.8200577319635185,-0.18133013298071,4.085788566887256,-7.516781557736689,1.360257737127495,1.660812762600489,220,Smooth
-10.02849114248184,3.447653420412146,-0.6005870747603033,4.2587500306609565,-7.619306286204115,1.4658155810661195,1.6866939493205135,220,Smooth
-9.702836786537206,4.733829254933546,8.792093536982788,21.06248092840953,-2.4762963709049592,1.730794851085295,2.106556563817457,220,Rough
-10.054346996923215,1.9731025289707107,4.645045506603971,11.927156049402939,-6.015791410514735,1.8036447074115096,2.1803474628379105,220,Grass
-9.740702445857469,2.3663296907844495,2.688184667564705,17.161550153069317,-6.891376809031332,1.7997378899491943,2.1044689550900553,220,Grass
-9.937688936955787,0.07424118769580124,1.7015361516975493,1.682439345584874,-8.377355612232908,2.0886991057277706,2.5510715399283987,220,Smooth Inclined
-10.492795228673089,3.6398990167195064,-3.2991099997511033,23.677033382703012,-2.8437869140801095,1.7912442189002165,2.227121832805991,220,Rough
-9.978608038012434,3.5855974123703276,5.500749887127735,19.762103466478464,-6.043379633433428,1.8037987969477172,2.063939688121042,220,Grass
-8.38095366765353,6.5462690506569725,3.21443442520903,25.098319254688388,-5.120021980151238,1.701288328783764,1.9433675320499861,220,Gravel
-10.06022756901493,3.3553157776410343,-0.6266638894428936,4.58506940465797,-7.931416816004018,1.462497318855402,1.702694987781351,220,Smooth
-9.69133677934722,3.8490772581459862,-1.0023426667236142,21.764660126287477,-1.398247418800892,1.8298669558117802,2.202961549680511,220,Rough
-9.812958030475098,3.932111963299501,10.66151363539325,19.71272382765009,-4.98365719254107,1.7673388476511231,2.1948363727236297,220,Smooth Inclined
-10.303691315894511,3.107485951641975,5.6282643372130385,12.41097845421737,-5.790274754784748,1.792785319839114,2.0638121054546827,220,Grass
-9.637343871882907,4.836925200022879,12.533031803695739,21.791499246809398,-4.336893368996838,1.7738842195509323,2.168718357915284,220,Rough
-10.000373457327662,0.3585182573635509,1.627856679375122,3.8671021696259023,-7.009987748318972,1.6723078555073994,2.3367008205477453,212,Smooth Inclined
-10.029095200288547,2.047014119578642,4.596760799640958,10.2522257355761,-4.541157807205596,1.8777477039305113,2.1656937454333294,220,Grass
-9.818,1.304,3.841,3.751,-8.56,0.914,1.689,146,Gravel
-9.352768421184177,5.709798975736246,24.796379803555013,38.86734538123037,-2.452099147993456,1.6752918821408538,2.0271641766055657,220,Gravel
-10.523341920615684,3.749732025822511,-3.909231242916857,24.191672116217454,-3.038036414737628,1.7989077397210809,2.1911234253665297,220,Rough
-9.931347131335793,0.4247589128890378,2.565709955339392,1.2741592158863881,-8.648990296214228,1.7104802385101023,2.384087134805711,212,Smooth Inclined
-10.120015684403992,1.1137434873189886,0.9519038137117436,2.5947544227316763,-4.736968642939769,1.3579557795277324,1.8654913048758417,212,Smooth
-9.731447772428725,1.166291108751466,6.161178577284948,4.357829109318537,-9.2216273118454,0.9331175741046096,1.6936755201847185,146,Gravel
-10.094510282282675,3.9927443001780873,17.839471077334252,28.73338380136994,-5.541916407414549,1.8268498923261185,2.245465007734051,220,Rough
-9.70847900758321,3.982123580819318,-3.2165693250277716,20.989522290167876,-1.5800562639803066,1.8290937217232528,2.1934282495206174,220,Rough
-9.917071184888856,0.17137926848442453,1.3402176252851525,1.4750388630948632,-8.622596030363805,1.6493317413535131,2.41800445597567,212,Smooth Inclined
-9.7690978248884,4.7509402572911945,7.353449591087112,21.110803064362702,-2.421007843183689,1.7429172755829707,2.1253125330540836,220,Rough
-10.107290292131577,2.434499915617914,-0.2607199630568885,5.047187991957927,-5.673627178103307,1.5252432179456077,1.8586685422349167,220,Smooth
-10.09561614066227,2.3972215126437053,-0.045891145103380604,4.848824239857006,-5.593627856201355,1.4810825456603962,1.871765143075677,220,Smooth
-9.844849368471172,1.195409465819326,1.6774934943084856,1.087108742574209,-6.543292475242124,0.9151528517544641,1.7411248683036562,146,Smooth
-9.992907750775608,2.5513007791165685,4.7255283861611215,8.097886167668614,-3.4613882385723604,1.817603326969845,2.3109174970801636,220,Grass
-9.575799989804068,4.782688409625316,12.647142219263413,21.75814365827042,-4.351670341200176,1.7321276564799837,2.176162650085745,220,Rough
-10.32644013676239,4.624189980701177,8.734593452924027,29.90258726952764,-3.380139467675014,1.7526462404579766,2.0650805261623146,220,Gravel
-9.825009342253432,1.3631013677008639,1.84765297394914,0.45566782812690887,-6.569583725469933,0.9650255461406823,1.8566220422367272,146,Grass
-10.416310786421015,2.7442060375432455,-0.276189867677997,4.672431291677008,-8.05237345946144,1.4055267926934356,1.5633410573271993,220,Smooth
-10.423386284732942,5.026051848361292,8.012388673328712,26.705412296621216,-2.901470817119694,1.731447425867784,2.1254395754703963,220,Gravel
-9.825528713859896,1.2749688722416939,1.7216508257349927,1.190629828074884,-6.723640488114169,0.9091909350279633,1.742569881441119,146,Smooth
-9.833424937123244,4.234404838441227,9.732447861452243,19.56465924196977,-5.5845532585358795,1.7627475237631491,2.3299986255941914,220,Smooth Inclined
-10.051907536201993,1.830222468818379,5.032602913618574,10.120169900212217,-4.761581330013844,1.8418139297523362,2.20526288433035,220,Grass
-10.122,2.561,-0.121,4.932,-5.39,1.507,1.855,220,Smooth
-9.773,4.677,4.245,27.58,-3.537,1.768,2.209,220,Gravel
-9.93108346182737,0.32213902801079275,1.3315569088999717,0.01,-8.401859081749734,2.2200394836098387,2.5550154615999894,220,Smooth Inclined
-10.384462103137528,4.372640440033358,1.3108286168983136,27.9756901170913,-3.112094439861704,1.7577450071709684,2.099175596193862,220,Gravel
-10.449087512413596,2.767278659421818,-0.2260713798788393,4.184661433221797,-7.658556961660841,1.4178569988510827,1.5515622766150416,220,Smooth
-10.063905605859198,5.548526487733734,5.083673467383304,18.908728808704826,-1.2332290697536235,1.7475990980877658,2.089895633731027,220,Rough
-10.529,3.861,-4.319,23.866,-2.856,1.802,2.219,220,Rough
-9.814519638452815,1.1664919977490993,1.5412425758179378,0.781040873631667,-7.902727400749659,1.0953274932687598,1.6874239218333262,146,Smooth Inclined
-9.619305152141713,4.889216759475664,12.92257539648281,21.337418008970644,-4.910593101461491,1.7570470112980625,2.1910121119558146,220,Rough
-9.94498086821868,0.2573880293590399,1.2820002701979063,0.01,-8.469459192976636,2.0608428382405704,2.5899431040845546,220,Smooth Inclined
-9.942368378259504,0.12285765120444206,1.2043266265181043,1.1367869866606017,-8.504870187691576,2.0944177481528103,2.524909692370413,220,Smooth Inclined
-9.805604000131648,1.2597164216329975,1.6262779153236306,1.0356095670756043,-6.682483892902361,0.9377216475344132,1.7497592749347683,146,Smooth
-9.992363300842905,4.585308574341155,5.6511737311732775,19.662493244353712,-5.131740823299287,1.6586244824584775,1.9881642944485176,220,Gravel
-9.842,2.382,5.135,15.857,-6.466,1.53,2.145,212,Gravel
-10.069674411520616,3.359265564232175,-0.5657146098997948,4.625222617777465,-7.799489445574974,1.419441150750613,1.698512405222122,220,Smooth
-9.920973163613446,0.01,1.5312407628230134,1.6960008697821918,-8.77517011577803,1.7285846676368413,2.4130874130077404,212,Smooth Inclined
-9.801512820713722,1.4912967731845093,1.3510002223401145,0.45497406799950035,-7.689924816509724,0.9686174990049341,1.8206294631490199,146,Smooth Inclined
-9.885570937497148,0.01,0.9599082414899857,1.9061214246432803,-8.058865590223487,2.0852430609222723,2.584942477460475,220,Smooth Inclined
-9.553426835659113,4.701924538140453,11.656447991956213,21.87883783790301,-4.384570423766484,1.7544170559679764,2.201826705635608,220,Rough
-9.798535203946203,4.511606356527449,9.575326233050626,20.794642684070524,-5.061501540748414,1.7604712288427904,2.3162058906529515,220,Smooth Inclined
-9.753681567056947,4.8581106954694855,-75.88524617091848,45.29430952240599,-7.501117091267192,1.6153900787988915,2.140342120563323,220,Gravel
-9.982,2.802,3.752,10.306,-6.984,1.828,2.21,220,Grass
-9.930912500010573,0.01,2.2535869926573047,0.10298938905196442,-8.982411765644953,1.6509639628515211,2.393494946341113,212,Smooth Inclined
-9.834483759233139,1.2262679344394032,1.4664083094140208,0.7779450808203444,-6.6979627289538355,0.9201186776944276,1.7566348794881754,146,Smooth
-9.930610574294587,0.01,1.54580192675421,0.01,-8.214994470953318,2.0030095379273156,2.4214499301267534,220,Smooth Inclined
-9.808797123873166,1.4312931025729467,2.447574305647844,0.3275625055006921,-8.133156629742084,0.958283827034736,1.690764815826463,146,Smooth Inclined
-9.806065792591655,4.3331369136688025,9.230921076853438,19.40137220881975,-4.905379540816222,1.8031296863110429,2.217745907972341,220,Smooth Inclined
-9.730640191576294,3.7973914583368185,-1.9176986974476231,21.712561922046543,-1.5941768594718568,1.830204461241823,2.1993927597212233,220,Rough
-9.849205991484542,1.16699134618142,1.7336774297076378,0.01,-6.439128397571166,0.9466790145423895,1.868112971244003,146,Grass
-10.07432712661785,2.824785846191426,0.02400953811930273,5.031042960588433,-5.434240155555368,1.478093806408858,1.8528293808640923,220,Smooth
-9.93203228257616,0.03292867618106496,1.2352599993804128,0.8208318845078617,-8.525546666271554,1.6137149303080796,2.4399386752518506,212,Smooth Inclined
-9.922851207285818,2.237973291852756,4.658083359209056,12.441723934329117,-6.376859754575146,1.8704127810983768,2.1716596047073162,220,Grass
-10.480410842454686,2.860132365951525,-0.10138087398103367,4.349207777788608,-7.689899329051354,1.369833812014036,1.5286452900474057,220,Smooth
-9.800402867103017,1.3885557294071003,3.2341299381297683,4.782459127512032,-8.457171271852486,0.9515753229803179,1.6930272678411338,146,Gravel
-9.781945519152657,1.2942995003452225,4.683038355072313,4.515610443939436,-8.70653432285846,0.8978962568239421,1.673074940827625,146,Gravel
-9.968281839093807,5.446744942575857,4.487288677248471,18.184728340667707,-1.3976723786545155,1.7505602201586195,2.111749144522044,220,Rough
-10.098890113009041,1.2307171199964337,0.7664823088824088,3.3300807959276923,-5.205489007494614,1.362326282195791,1.8656706466948123,212,Smooth
-9.66859479591436,3.65398979343427,-2.9222075576414306,21.362850934149467,-1.4199499775606956,1.8463530556567986,2.1896125299495477,220,Rough
-9.605666691277648,5.000671999474512,14.004008481886785,21.584396482416565,-4.58964307841183,1.7539827553718164,2.1763768065532507,220,Rough
-9.81272561016788,4.3287796916791965,9.920359204385102,21.493229851941784,-5.116573012693029,1.826134080694987,2.29632219288003,220,Smooth Inclined
-10.081193479595813,1.8115223510979965,4.414772161964422,9.648059237239227,-5.960670939647979,1.8851340925813116,2.198821468600013,220,Grass
-9.791250192745327,1.241807207117141,1.896219999011469,0.01,-6.476667368484709,0.8798447194091161,1.8748833036084698,146,Grass
-9.94641771807146,3.494531696093064,-0.7909194946997247,4.246009103623741,-6.5154497833958676,1.395963132225202,1.6826563136020727,220,Smooth
-9.922903228264765,2.283691465378382,4.6075675650839765,9.769353981478265,-3.5047015609922414,1.873776109760027,2.3501028319476704,220,Grass
-9.90863052110975,3.608994258711731,-0.7521456698754411,4.595829225758183,-6.562021263728791,1.4272157347401293,1.6797503811121963,220,Smooth
-9.689,5.634,14.436,20.923,-3.484,1.669,2.049,220,Rough
-9.937,2.545,4.854,11.953,-6.487,1.813,2.165,220,Grass
-9.285868090232432,4.594293892341862,2.15189310061683,16.880135879931625,-5.963978656601684,1.662084916316717,2.0566511850528593,220,Gravel
-10.006,0.497,1.532,3.856,-6.968,1.664,2.299,212,Smooth Inclined
-9.812013720433068,1.3798324633532537,1.529642703069332,1.1389105535902924,-6.613117541552581,0.9811999879877559,1.8406559957256312,146,Grass
-9.700731345508636,5.566931829053387,14.211184408345833,20.574002874911134,-2.9356095639657083,1.6637690631326327,2.050213445887578,220,Rough
-9.93011157561264,0.4012202845689976,2.5597984443852075,0.01,-8.098002092271471,2.08846498728415,2.4934645390853762,220,Smooth Inclined
-9.816581432318861,1.5447474956554732,1.5258735854000731,1.899177514114839,-6.445977240186874,0.9018757382727238,1.8339800850845855,146,Grass
-9.911972381149798,0.12596210822833806,1.031081504627029,0.04928195376460213,-8.285985056890732,2.117250378996837,2.5467206978322454,220,Smooth Inclined
-9.990057780713299,5.474007192934668,6.163595866321217,18.611842147241287,-1.4986199502897282,1.7558974463700359,2.1420145251027183,220,Rough
-10.366,4.581,12.729,20.709,-5.458,1.744,2.111,220,Gravel
-9.806661276307606,1.0871782855622627,2.1101897388014477,0.42133964779327804,-7.9152994654545195,0.9940679487606003,1.7515241958341907,146,Smooth Inclined
-9.80090969266552,1.5123573647312658,2.4663554039660234,2.5802306746146764,-8.030186778088959,0.9409032001181535,1.7321872572594206,146,Smooth Inclined
-9.927795203549586,0.11857772429173397,1.108764371941716,0.01,-8.458024207111247,2.1828500354077387,2.647629266430309,220,Smooth Inclined
-10.393956421796847,2.7857548543572084,-0.2590790674198527,4.3302481444588174,-7.607366378403072,1.412556475961494,1.6459909585132309,220,Smooth
-10.437,2.821,-0.101,4.237,-7.446,1.403,1.658,220,Smooth
-9.266,4.586,18.649,27.57,-2.255,1.759,2.116,220,Gravel
-9.935744980757166,0.17301344820242964,1.6307000194007026,0.8655069298178828,-8.536223785924925,2.1601887658134293,2.5785670045883418,220,Smooth Inclined
-9.80512666868102,2.4008209804942857,6.4932779752254435,19.05818975909588,-6.981126331336163,1.5316585111775058,2.1450015825884687,212,Gravel
-9.942684424985504,0.43316802342225114,1.8807836070165174,0.01,-8.396743285893095,2.095775864533368,2.626395285031598,220,Smooth Inclined
-9.66582305480398,5.349326950957585,-77.25456408871638,47.07642633571215,-7.6435912675137025,1.6574648468820752,2.1792565547216385,220,Gravel
-9.35568088113778,5.331928829147953,21.387288409579238,35.49977797723799,-2.3146781512481387,1.628329396122019,1.9986615860478656,220,Gravel
-10.149799010500688,2.4946596649573003,-0.026451780467222963,5.132399280970346,-5.76136808024865,1.4738364818935108,1.8205351916994141,220,Smooth
-9.859071078826926,1.2769789194093661,1.4817338281330465,0.01,-5.750030746104613,0.9456312502203073,1.856694108983402,146,Grass
-9.338368201013004,4.861465470724048,23.70410906954749,28.999596482500227,-2.1587717818305503,1.7346543617014485,2.1096635901327914,220,Gravel
-8.826549959654724,5.803929643928704,24.742838528196582,23.932033075959914,-3.493628732698351,1.6856034902077195,2.026162020425867,220,Gravel
-9.80615044108108,1.1701795032888649,1.49390021027873,0.01,-6.775545954421358,0.8813162671464209,1.7789862331695079,146,Grass
-9.767049606153366,1.450996564152107,4.619221340095967,6.216672207290404,-8.297306966537874,0.9539186143269269,1.6662075123027411,146,Gravel
-9.913506845304115,0.05572521312261365,1.6242555495948856,0.22471955041810743,-8.325465772640776,2.2041295430986088,2.542033952816587,220,Smooth Inclined
